Date,Aceraceae (maple family),Betulaceae (birch family),Asteraceae (aster family),Arecaceae,Asteraceae (aster family),Asteraceae (aster family),Betulaceae (birch family),Betulaceae,Juglandaceae (walnut family),Ulmaceae,goosefoot/amaranth family,Betulaceae,"juniper family, cedar",sedge family,Asteraceae,Fagaceae (beech family),Oleaceae (olive family),Gramineae / Poaceae,Juglandaceae (walnut family),Oleaceae,Hamamelidaceae (witch-hazel family),Moraceae (mulberry family),Oleaceae (olive family),,,,Pinaceae (pine family),Plantaginaceae (plantain family),Platanaceae (plane-tree family),Salicaceae (willow family),Fabaceae,Fagaceae (beech family),Polygonaceae (buckwheat family),Salicaceae (willow family),Tiliaceae (linden family),Ulmaceae (elm family),,Urticaceae (nettle family),,Station Name,Station City,Station State,Station Postal Code,Station Country
Date,Acer,Alnus,Ambrosia,Arecaceae,Artemisia,Asteraceae (Excluding Ambrosia and Artemisia),Betula,Carpinus/Ostrya,Carya,Celtis,Chenopodiaceae/Amaranthaceae ,Corylus,Cupressaceae,Cyperaceae,Eupatorium,Fagus,Fraxinus,Gramineae / Poaceae,Juglans,Ligustrum,Liquidambar,Morus,Olea,Other Grass Pollen,Other Tree Pollen,Other Weed Pollen,Pinaceae,Plantago,Platanus,Populus,Prosopis,Quercus,Rumex,Salix,Tilia,Ulmus,Unidentified Pollen,Urticaceae,Unidentified Fungi,,,,,
12/23/2023,,,,,,,,,,,,,11,,,,,,,,,,,,,,,,,,,,,,,,,,2118,North Texas Pollen Station,Flower Mound,TX,75022,US
3/30/2022,2,,,,,,,,,58,,,86,,,,102,9,,,4,4,,,,,19,,,4,,255,,,,28,,,2593,North Texas Pollen Station,Flower Mound,TX,75022,US
11/1/2021,,,2,,,,,,,,,,,,,,,2,,,,,,,,,,,,,,,,,,,,,2520,North Texas Pollen Station,Flower Mound,TX,75022,US
2/4/2022,,,,,,,,,,,,,4,,,,,,,,,,,,,,,,,,,,,,,,,,648,North Texas Pollen Station,Flower Mound,TX,75022,US
4/2/2023,15,,,,,,,,,11,,,26,,,,105,4,2,,,43,,,,,11,,166,2,,1071,3,162,,,,,2222,North Texas Pollen Station,Flower Mound,TX,75022,US
9/5/2023,,,9,,,2,,,,,,,,,,,,,,,,,,,,,,,,,,,,,,,,,3837,North Texas Pollen Station,Flower Mound,TX,75022,US
3/8/2022,,,,,,,,,,,,,78,,,,,,,,,,,,,,,,,,,,,,,78,,,1037,North Texas Pollen Station,Flower Mound,TX,75022,US
11/20/2022,,,2,,,,,,,,,,,,,,,,,,,,,,,,,,,,,,,,,,,,1621,North Texas Pollen Station,Flower Mound,TX,75022,US
10/11/2023,,,206,,,,,,,,1,,2,,,,,2,,,,,,,,,,,,,,,,,,551,,,3891,North Texas Pollen Station,Flower Mound,TX,75022,US
11/5/2022,,,2,,,,,,,,2,,,,,,,13,,,,,,,,,,,,,,,,,,,,,2204,North Texas Pollen Station,Flower Mound,TX,75022,US
11/6/2022,,,2,,,,,,,,,,9,,,,,2,,,,,,,,,,,,,,,,,,9,,,3350,North Texas Pollen Station,Flower Mound,TX,75022,US
2/26/2022,,,,,,,,,,,,,24,,,,,,,,,,,,,,2,,,,,,,,,11,,,869,North Texas Pollen Station,Flower Mound,TX,75022,US
2/27/2022,,,,,,,,,,,,,54,,,,,,,,,,,,,,,,,,,,,,,4,,,1102,North Texas Pollen Station,Flower Mound,TX,75022,US
1/1/2023,,,,,,,,,,,,,2801,,,,,,,,,,,,,,,,,,,,,,,,,,2477,North Texas Pollen Station,Flower Mound,TX,75022,US
1/27/2021,,,,,,,,,,,,,110,,,,,,,,,,,,,,,,,,,,,,,9,,,1223,North Texas Pollen Station,Flower Mound,TX,75022,US
3/19/2023,,,,,,,,,,4,,,5,,,,22,,,,,,,,,,4,,,2,,104,,,,,,,1826,North Texas Pollen Station,Flower Mound,TX,75022,US
5/30/2023,,,,,,,,,,,2,,,2,,,,4,,,,,,,,,,,,,,,,,,,,,1703,North Texas Pollen Station,Flower Mound,TX,75022,US
7/18/2021,,,,,,,,,,,2,,,,,,,2,,,,,,,,,,,,,,,,,,,,,2375,North Texas Pollen Station,Flower Mound,TX,75022,US
10/15/2023,,,54,,2,,,,,,1,,,,,,,,,,,,,,,,,,,,,,,,,80,,,2592,North Texas Pollen Station,Flower Mound,TX,75022,US
12/17/2022,,,,,,,,,,,,,,,,,,,,,,,,,,,,,,,,,,,,,,,2304,North Texas Pollen Station,Flower Mound,TX,75022,US
10/5/2022,,,63,,,,,,,,,,,,,,,9,,,,,,,,,,,,,,,,,,61,,,1845,North Texas Pollen Station,Flower Mound,TX,75022,US
3/31/2022,2,,,,,,,,,4,,,32,,,,9,9,,,,,,,,,2,,2,,,93,,,,4,,,2338,North Texas Pollen Station,Flower Mound,TX,75022,US
7/27/2021,,,,,,,,,,,4,,,,,,,2,,,,,,,,,,,,,,,,,,,,,1584,North Texas Pollen Station,Flower Mound,TX,75022,US
11/24/2023,,,2,,,,,,,,,,6,,,,,,,,,,,,,,,,,,,,,,,6,,,1785,North Texas Pollen Station,Flower Mound,TX,75022,US
9/16/2023,,,9,,,,,,,,,,,,,,,,,,,,,,,,,,,,,,,,,22,,,8519,North Texas Pollen Station,Flower Mound,TX,75022,US
1/3/2022,,,,,,,,,,,,,17,,,,,,,,,,,,,,,,,,,,,,,,,,324,North Texas Pollen Station,Flower Mound,TX,75022,US
6/27/2023,,,,,,,2,,,,,,,,,,,,,,,,,,,,,,,,,,,,,,,,2786,North Texas Pollen Station,Flower Mound,TX,75022,US
7/30/2021,,,,,6,,,,,,2,,,,,,,,,,,,,,,,,,,,,,,,,,,,1407,North Texas Pollen Station,Flower Mound,TX,75022,US
7/11/2022,,,,,,,,,,,,,,,,,,0,,,,,,,,,,,,,,,,,,,,,1954,North Texas Pollen Station,Flower Mound,TX,75022,US
3/30/2021,17,,,,,,9,,,194,,,9,,,,140,32,,,6,246,,4,,,37,,35,,,1992,,26,,,,,2059,North Texas Pollen Station,Flower Mound,TX,75022,US
6/28/2021,,,,,2,,,,,,,,,,,,,6,,,,,,,,,,,,,,,,,,,,,1545,North Texas Pollen Station,Flower Mound,TX,75022,US
4/27/2021,,,,,,,,,28,,,,2,,,,13,65,,,,184,,2,,,2,,,,,26,2,,,,,,1841,North Texas Pollen Station,Flower Mound,TX,75022,US
10/21/2021,,,58,,,,,,,,,,184,,,,,4,,,,,,,,,,,,,,,,,,52,,,2598,North Texas Pollen Station,Flower Mound,TX,75022,US
7/6/2022,,,,,,,,,,,,,,2,,,,,,,,,,,,,,,,,,,,,,,,,1830,North Texas Pollen Station,Flower Mound,TX,75022,US
5/18/2021,,,,,,,,,6,,,,,,,,,17,,,,,,,,,,,,,,,,,,,,,3959,North Texas Pollen Station,Flower Mound,TX,75022,US
3/16/2023,31,,,,,,,,,115,,,11,,,,104,15,,,13,45,,,,,22,,11,17,,944,,15,,,,,2453,North Texas Pollen Station,Flower Mound,TX,75022,US
1/21/2021,,,,,,,,,,,,,54,,,,,,,,,,,,,,,,,,,,,,,,,,1039,North Texas Pollen Station,Flower Mound,TX,75022,US
8/23/2023,,,1,,,,,,,,1,,,,,,,2,,,,,,,,,,,,,,,,,,,,,1724,North Texas Pollen Station,Flower Mound,TX,75022,US
10/15/2022,,,89,,,,,,,,6,,2,,,,,9,,,,,,,,,,,,,,,,,,19,,,2767,North Texas Pollen Station,Flower Mound,TX,75022,US
10/28/2023,,,4,,,,,,,,,,4,,,,,1,,,,,,,,,,,,,,,,,,,,,3674,North Texas Pollen Station,Flower Mound,TX,75022,US
12/29/2023,,,,,,,,,,,,,,,,,,,,,,,,,,,,,,,,,,,,,,,1189,North Texas Pollen Station,Flower Mound,TX,75022,US
11/13/2021,,,4,,,,,,,,,,6,,,,,,,,,,,,,,,,,,,,,,,,,,3287,North Texas Pollen Station,Flower Mound,TX,75022,US
1/9/2021,,,,,,,,,,,,,15,,,,,,,,,,,,,,,,,,,,,,,,,,1128,North Texas Pollen Station,Flower Mound,TX,75022,US
6/21/2022,,,,,,,,,,,,,,,,,,4,,,,,,,,,,,,,,,,,,,,,1729,North Texas Pollen Station,Flower Mound,TX,75022,US
6/30/2021,,,,,,,,,,,,,,,,,,4,,,,,,,,,,,,,,,,,,,,,2496,North Texas Pollen Station,Flower Mound,TX,75022,US
12/16/2022,,,,,,,,,,,,,4,,,,,,,,,,,,,,,,,,,,,,,,,,2131,North Texas Pollen Station,Flower Mound,TX,75022,US
2/22/2021,,,,,,,,,,,,,63,,,,,2,,,,,,,,,,,,,,,,,,2,,,2064,North Texas Pollen Station,Flower Mound,TX,75022,US
5/23/2023,,,,,,,,,2,,,,,,,,,48,,,,,,,,,,,,,,,2,,,,,,2187,North Texas Pollen Station,Flower Mound,TX,75022,US
8/20/2022,,,2,,,,,,,,,,,,,,,,,,,,,,,,,,,,,,,,,4,,,2723,North Texas Pollen Station,Flower Mound,TX,75022,US
2/10/2021,,,,,,,,,,,,,6,,,,,,,,,,,,,,,,,,,,,,,,,,659,North Texas Pollen Station,Flower Mound,TX,75022,US
12/27/2021,,,2,,,,,,,,,,2505,,,,,,,,,,,,,,,,,,,,,,,,,,1670,North Texas Pollen Station,Flower Mound,TX,75022,US
7/26/2023,,,,,,,,,,,4,,,,,,,,,,,,,,,,,,,,,,,,,,,,1729,North Texas Pollen Station,Flower Mound,TX,75022,US
10/31/2023,,,9,,,,,,,,,,,,,,,5,,,,,,,,,,,,,,,,,,,,,1405,North Texas Pollen Station,Flower Mound,TX,75022,US
11/4/2021,,,,,,,,,,,,,,,,,,,,,,,,,,,,,,,,,,,,,,,1018,North Texas Pollen Station,Flower Mound,TX,75022,US
3/3/2021,,,,,,,,,,,,,389,,,,,,,,,,,,,,,,,,,,,,,65,,,1277,North Texas Pollen Station,Flower Mound,TX,75022,US
10/17/2023,,,39,,,,,,,,,,,,,,,,,,,,,,,,,,,,,,,,,13,,,1686,North Texas Pollen Station,Flower Mound,TX,75022,US
1/22/2021,,,,,,,,,,,,,9,,,,,,,,,,,,,,,,,,,,,,,,,,817,North Texas Pollen Station,Flower Mound,TX,75022,US
5/19/2021,,,,,,,,,,,,,,,,,,19,,,,,,,,,,,,,,,,,,,,,2835,North Texas Pollen Station,Flower Mound,TX,75022,US
5/15/2021,,,,,,,,,13,,,,,,,,,82,,,,,,,,,,,,,,,,,,,,,1178,North Texas Pollen Station,Flower Mound,TX,75022,US
7/16/2023,,,,,,,2,,,,2,,,,,,,10,,,,,,,,,7,,,,,,,,,,,,2550,North Texas Pollen Station,Flower Mound,TX,75022,US
10/17/2021,,,11,,,,,,,,,,4,,,,,2,,,,,,,,,,,,,,,,,,91,,,1338,North Texas Pollen Station,Flower Mound,TX,75022,US
9/12/2023,,,9,,9,,,,,,,,,,,,,,,,,,,,,,,,,,,,,,,,,,3829,North Texas Pollen Station,Flower Mound,TX,75022,US
10/27/2021,,,30,,,,,,,,,,61,,,,,2,,,,,,,,,,,,,,,,,,6,,,2623,North Texas Pollen Station,Flower Mound,TX,75022,US
11/24/2021,,,4,,,,,,,,,,4,,,,,,,,,,,,,,,,,,,,,,,,,,1621,North Texas Pollen Station,Flower Mound,TX,75022,US
12/8/2023,,,,,,,,,,,,,,,,,,,,,,,,,,,,,,,,,,,,,,,648,North Texas Pollen Station,Flower Mound,TX,75022,US
2/13/2022,,,,,,,,,,,,,24,,,,,,,,,,,,,,2,,,,,,,,,,,,2031,North Texas Pollen Station,Flower Mound,TX,75022,US
12/25/2021,,,,,,,,,,,,,3012,,,,,,,,,,,,,,,,,,,,,,,,,,1601,North Texas Pollen Station,Flower Mound,TX,75022,US
12/25/2022,,,,,,,,,,,,,,,,,,,,,,,,,,,,,,,,,,,,,,,216,North Texas Pollen Station,Flower Mound,TX,75022,US
4/26/2022,,,,,,,,,,13,,,,2,,,110,11,2,,,45,,,,,4,,30,,,272,4,,,,,,2330,North Texas Pollen Station,Flower Mound,TX,75022,US
2/18/2021,,,,,,,,,,,,,,,,,,,,,,,,,,,,,,,,,,,,,,,134,North Texas Pollen Station,Flower Mound,TX,75022,US
2/2/2023,,,,,,,,,,,,,2,,,,,,,,,,,,,,,,,,,,,,,,,,216,North Texas Pollen Station,Flower Mound,TX,75022,US
3/21/2021,19,,,,,,9,,,207,,,19,,,,138,2,,,9,333,,2,,,223,,4,35,,672,,4,,2,,,1632,North Texas Pollen Station,Flower Mound,TX,75022,US
2/28/2022,,,,,,,,,,,,,13,,,,,,,,,,,,,,,,,,,,,,,45,,,1988,North Texas Pollen Station,Flower Mound,TX,75022,US
8/19/2023,,,2,,,,,,,,,,,,,,,,,,,,,,,,,,,,,,,,,,,,1387,North Texas Pollen Station,Flower Mound,TX,75022,US
11/2/2021,,,4,,,,,,,,,,,,,,,2,,,,,,,,,,,,,,,,,,,,,1511,North Texas Pollen Station,Flower Mound,TX,75022,US
4/12/2023,,,,,,,,,4,,,,,,,,1,3,1,,,,,,,,14,,14,,,39,4,,,,,,1642,North Texas Pollen Station,Flower Mound,TX,75022,US
7/21/2021,,,,,,,,,,,,,,,,,,6,,,,,,,,,,,,,,,,,,,,,1902,North Texas Pollen Station,Flower Mound,TX,75022,US
6/24/2023,,,,,,,,,,,2,,,,,,,1,,,,,,,,,9,,,,,,,,,,,,2786,North Texas Pollen Station,Flower Mound,TX,75022,US
8/17/2021,,,,,,,,,,,,,,,,,,,,,,,,,,,,,,,,,,,,,,,3734,North Texas Pollen Station,Flower Mound,TX,75022,US
1/25/2023,,,,,,,,,,,,,14,,,,,,,,,,,,,,,,,,,,,,,,,,648,North Texas Pollen Station,Flower Mound,TX,75022,US
5/2/2021,,,,,,,,,22,,,,,,,,,22,,,,24,,,,,2,,,,,,2,,,,,,2747,North Texas Pollen Station,Flower Mound,TX,75022,US
5/15/2023,,,,,,,,,,,2,,,,,,,12,,,,,,,,,,,,,,,,,,,,,3890,North Texas Pollen Station,Flower Mound,TX,75022,US
2/16/2021,,,,,,,,,,,,,6,,,,,,,,,,,,,,,,,,,,,,,2,,,439,North Texas Pollen Station,Flower Mound,TX,75022,US
5/18/2022,,,,,,,,,11,2,,,,,,,,15,,,,,,,,,,,,,,,,,,,,,1513,North Texas Pollen Station,Flower Mound,TX,75022,US
7/8/2021,,,,,,,,,,,,,,,,,,4,,,,,,,,,,,,,,,,,,,,,2548,North Texas Pollen Station,Flower Mound,TX,75022,US
9/22/2022,,,149,,,,,,,,,,,,,,,2,,,,,,,,,,,,,,,,,,149,,,2368,North Texas Pollen Station,Flower Mound,TX,75022,US
3/14/2021,4,,,,,,4,,,24,,,84,,,,,2,,,4,,,2,,,344,,,117,,26,2,2,,2,,,1329,North Texas Pollen Station,Flower Mound,TX,75022,US
8/14/2021,,,2,,,,,,,,,,,2,,,,2,,,,,,,,,,,,,,,,,,,,,1642,North Texas Pollen Station,Flower Mound,TX,75022,US
7/20/2021,,,,,,,,,,,,,,,,,,2,,,,,,,,,,,,,,,,,,,,,2592,North Texas Pollen Station,Flower Mound,TX,75022,US
1/31/2021,,,4,,,,,,,,,,125,,,,,,,,,,,,,,,,,,,,,,,9,,,1294,North Texas Pollen Station,Flower Mound,TX,75022,US
1/4/2021,,,,,,,,,,,,,11,,,,,,,,,,,,,,,,,,,,,,,,,,931,North Texas Pollen Station,Flower Mound,TX,75022,US
9/20/2023,,,54,,,,,,,,1,,,,,,,,,,,,,,,,,,,,,,,,,2492,,,3239,North Texas Pollen Station,Flower Mound,TX,75022,US
7/25/2021,,,2,,,,,,,,,,,2,,,,2,,,,,,,,,,,,,,,,,,,,,1366,North Texas Pollen Station,Flower Mound,TX,75022,US
8/8/2022,,,,,,,,,,,,,,,,,,,,,,,,,,,,,,,,,,,,,,,1545,North Texas Pollen Station,Flower Mound,TX,75022,US
1/28/2021,,,,,,,,,,,,,2,,,,,,,,,,,,,,,,,,,,,,,,,,975,North Texas Pollen Station,Flower Mound,TX,75022,US
1/14/2022,,,,,,,,,,,,,648,,,,,,,,,,,,,,,,,,,,,,,,,,1716,North Texas Pollen Station,Flower Mound,TX,75022,US
10/10/2021,,,182,,,,,,,,,,,,,,,,,,,,,,,,,,,,,,,,,87,,,4322,North Texas Pollen Station,Flower Mound,TX,75022,US
12/2/2022,,,,,,,,,,,,,,,,,,,,,,,,,,,,,,,,,,,,,,,1858,North Texas Pollen Station,Flower Mound,TX,75022,US
4/30/2022,,,,,,,,,39,69,,,,,,,,30,6,,,,,,,,,,11,,,48,2,,,,,,2269,North Texas Pollen Station,Flower Mound,TX,75022,US
5/24/2023,,,,,,,,,5,,,,,,,,,41,,,,,,,,,,,,,,,,,,,,,2479,North Texas Pollen Station,Flower Mound,TX,75022,US
1/16/2023,,,,,,,,,,,,,205,,,,,,,,,,,,,,,,,,,,,,,4,,,2092,North Texas Pollen Station,Flower Mound,TX,75022,US
11/23/2021,,,2,,,,,,,,,,,,,,,4,,,,,,,,,,,,,,,,,,,,,1750,North Texas Pollen Station,Flower Mound,TX,75022,US
5/16/2021,,,,,,,,,9,,,,,,,,,32,,,,2,,,,,,,,,,,,,,,,,1087,North Texas Pollen Station,Flower Mound,TX,75022,US
11/16/2022,,,,,,,,,,,,,,,,,,,,,,,,,,,,,,,,,,,,,,,1078,North Texas Pollen Station,Flower Mound,TX,75022,US
7/11/2021,,,,,4,,,,,,2,,,,,,,2,,,,,,,,,,,,,,,,,,,,,1692,North Texas Pollen Station,Flower Mound,TX,75022,US
11/16/2021,,,2,,,,,,,,2,,22,,,,,4,,,,,,,,,,,,,,,,,,2,,,1798,North Texas Pollen Station,Flower Mound,TX,75022,US
3/11/2023,9,,,,,,,,,102,,,16,,,,72,15,,,23,289,,,,,15,,6,54,,550,,,,,,,2222,North Texas Pollen Station,Flower Mound,TX,75022,US
6/27/2022,,,,,,2,,,,,2,,,,,,,9,,,,,,,,,,,,,,,,,,,,,2600,North Texas Pollen Station,Flower Mound,TX,75022,US
7/16/2022,,,,,,,,,,,,,,,,,,2,,,,,,,,,,,,,,,,,,,,,2116,North Texas Pollen Station,Flower Mound,TX,75022,US
6/1/2021,,,,,,,,,,,,,,,,,,2,,,,,,,,,,,,,,,2,,,,,,3786,North Texas Pollen Station,Flower Mound,TX,75022,US
1/31/2023,,,,,,,,,,,,,13,,,,,,,,,,,,,,,,,,,,,,,16,,,1975,North Texas Pollen Station,Flower Mound,TX,75022,US
6/14/2022,,,,,,,,,,,2,,,,,,,2,,,,,,,,,,,,,,,,,,,,,1943,North Texas Pollen Station,Flower Mound,TX,75022,US
8/6/2021,,,,,,,,,,,,,,,,,,4,,,,,,,,,,,,,,,,,,,,,5081,North Texas Pollen Station,Flower Mound,TX,75022,US
6/8/2021,,,,,,,,,,,,,,,,,,6,,,,,,,,,,,,,,,,,,,,,3077,North Texas Pollen Station,Flower Mound,TX,75022,US
9/29/2023,,,271,,,,,,,,1,,,,,,,,,,,,,,,,,,,,,,,,,73,,,6148,North Texas Pollen Station,Flower Mound,TX,75022,US
10/18/2022,,,13,,,,,,,,,,,,,,,,,,,,,,,,,,,,,,,,,4,,,1869,North Texas Pollen Station,Flower Mound,TX,75022,US
10/19/2023,,,155,,,,,,,,8,,2,,,,,,,,,,,,,,,,,,,,,,,32,,,2269,North Texas Pollen Station,Flower Mound,TX,75022,US
3/18/2023,,,,,,,,,,2,,,9,,,,14,4,,,2,,,,,,4,,2,2,,140,,,,,,,1478,North Texas Pollen Station,Flower Mound,TX,75022,US
11/1/2023,,,6,,,,,,,,,,,,,,,1,,,,,,,,,,,,,,,,,,,,,1962,North Texas Pollen Station,Flower Mound,TX,75022,US
2/2/2022,,,,,,,,,,,,,223,,,,,,,,,,,,,,2,,,,,,,,,6,,,2161,North Texas Pollen Station,Flower Mound,TX,75022,US
12/4/2022,,,4,,,,,,,,,,13,,,,,2,,,,,,,,,,,,,,,,,,,,,2161,North Texas Pollen Station,Flower Mound,TX,75022,US
2/21/2022,,,,,,,,,,,,,1340,,,,,,,,,,,,,,9,,,,,,,,,123,,,4322,North Texas Pollen Station,Flower Mound,TX,75022,US
6/6/2021,,,,,,,,,,,,,,,,,,11,,,,,,,,,,,,,,,,,,,,,4545,North Texas Pollen Station,Flower Mound,TX,75022,US
6/26/2022,,,,,,,,,,,,,,,,,,,,,,,,,,,,,,,,,,,,,,,2353,North Texas Pollen Station,Flower Mound,TX,75022,US
6/30/2022,,,,,,2,,,2,,,,,,,,,,,,,,,,,,,,,,,,,,,,,,2134,North Texas Pollen Station,Flower Mound,TX,75022,US
9/27/2023,,,246,,,,,,,,2,,,,,,,2,,,,,,,,,,,,,,,,,,82,,,7131,North Texas Pollen Station,Flower Mound,TX,75022,US
6/17/2021,,,,,,,,,,,,,,,,,,11,,,,,,,,,,,,,,,,,,,,,1657,North Texas Pollen Station,Flower Mound,TX,75022,US
3/29/2022,,,,,,,2,,,63,,,24,6,,,136,6,,,11,89,,,,,89,,6,,,398,,,,63,,,2569,North Texas Pollen Station,Flower Mound,TX,75022,US
6/2/2022,,,,,,,,,,,,,,,,,,2,,,,,,,,,,,,,,,,,,,,,1729,North Texas Pollen Station,Flower Mound,TX,75022,US
1/20/2023,,,,,,,,,,,,,35,,,,,,,,,,,,,,,,,,,,,,,9,,,1944,North Texas Pollen Station,Flower Mound,TX,75022,US
1/28/2022,,,,,,,,,,,4,,30,,,,,,,,,,,,,,,,,,,,,,,,,,2809,North Texas Pollen Station,Flower Mound,TX,75022,US
10/16/2022,,,97,,,,,,,,,,,,,,,9,,,,,,,,,,,,,,,,,,13,,,2610,North Texas Pollen Station,Flower Mound,TX,75022,US
5/12/2021,,,,,,,,,,,,,,,,,,4,,,,,,,,,,,,,,,,,,,,,2059,North Texas Pollen Station,Flower Mound,TX,75022,US
2/4/2023,,,,,,,,,,,,,51,,,,,,,,,,,,,,,,,,,,,,,13,,,2282,North Texas Pollen Station,Flower Mound,TX,75022,US
5/29/2022,,,,,,,,,,,,,,,,,,11,,,,,,,,,,,,,,,,,,,,,1934,North Texas Pollen Station,Flower Mound,TX,75022,US
10/16/2023,,,39,,,,,,,,2,,,,,,,,,,,,,,,,,,,,,,,,,15,,,2036,North Texas Pollen Station,Flower Mound,TX,75022,US
10/8/2021,,,212,,,,,,,,4,,9,,,,,4,,,,,,,,,,,,,,,,,,406,,,2059,North Texas Pollen Station,Flower Mound,TX,75022,US
6/23/2021,,,,,,,,,,,,,,,,,,4,,,,,,,,,,,,,,,,,,,,,1189,North Texas Pollen Station,Flower Mound,TX,75022,US
7/5/2021,,,,,,,,,,,,,,2,,,,2,,,,,,,,,,,,,,,,,,,,,1772,North Texas Pollen Station,Flower Mound,TX,75022,US
4/30/2023,,,,,,,47,,17,,,,1,3,,,,5,4,,,,,,,,,,,,,6,7,,,,,,2643,North Texas Pollen Station,Flower Mound,TX,75022,US
9/8/2023,,,61,,,,,,,,1,,,,,,,,,,,,,,,,,,,,,,,,,45,,,3955,North Texas Pollen Station,Flower Mound,TX,75022,US
8/14/2023,,,,,,1,,,,,,,,,,,,,,,,,,,,,,,,,,,,,,,,,1405,North Texas Pollen Station,Flower Mound,TX,75022,US
10/12/2022,,,173,,,,,,,,2,,,,,,,4,,,,,,,,,,,,,,,,,,39,,,2425,North Texas Pollen Station,Flower Mound,TX,75022,US
8/13/2021,,,2,,6,,,,,,6,,,2,,,,6,,,,,,,,,,,,,,,,,,,,,2155,North Texas Pollen Station,Flower Mound,TX,75022,US
5/1/2021,,,,,,,,,6,,,,,,,,,6,,,,9,,,,,,,,,,6,2,48,,,,,2598,North Texas Pollen Station,Flower Mound,TX,75022,US
8/12/2021,,,,,2,,,,,,4,,,,,,,6,,,,,,,,,,,,,,,,,,,,,2379,North Texas Pollen Station,Flower Mound,TX,75022,US
5/13/2021,,,,,,,,,,,,,,,,,,37,,,,17,,,,,,,,,,,2,,,,,,2187,North Texas Pollen Station,Flower Mound,TX,75022,US
7/5/2023,,,,,,,,,,,,,,,,,,2,,,,,,,,,,,,,,,,,,,,,1904,North Texas Pollen Station,Flower Mound,TX,75022,US
6/25/2023,,,,,,4,,,,,,,,,,,,4,,,,,,,,,6,,,,,,,,,,,,2485,North Texas Pollen Station,Flower Mound,TX,75022,US
7/12/2023,,,,,,,,,,,2,,,,,,,2,,,,,,,,,,,,,,,,,,,,,2377,North Texas Pollen Station,Flower Mound,TX,75022,US
6/18/2022,,,,,,,,,,,,,,,,,,4,,,,,,,,,,,,,,,,,,,,,2355,North Texas Pollen Station,Flower Mound,TX,75022,US
4/19/2021,,,,,,,,,2,9,,,,,,,17,9,4,,,11,,,,,2,,,,,149,,9,,,,,1951,North Texas Pollen Station,Flower Mound,TX,75022,US
9/4/2021,,,4,,,2,,,,,4,,,,,,,4,,,,,,,,,,,,,,,,,,,,,1454,North Texas Pollen Station,Flower Mound,TX,75022,US
6/30/2023,,,,,,,,,,,1,,,,,,,6,,,,,,,,,10,,,,,,,,,,,,4274,North Texas Pollen Station,Flower Mound,TX,75022,US
6/23/2023,,,,,,,,,,,2,,,,,,,2,,,,,,,,,18,,,,,,,,,,,,3023,North Texas Pollen Station,Flower Mound,TX,75022,US
3/3/2023,,,,,,,,,,2,,,71,,,,6,,,,,23,,,,,2,,,,,24,,,,15,,,1815,North Texas Pollen Station,Flower Mound,TX,75022,US
8/19/2022,,,2,,,,,,,,2,,,,,,,4,,,,,,,,,,,,,,,,,,,,,2161,North Texas Pollen Station,Flower Mound,TX,75022,US
10/20/2021,,,58,,,,,,,,2,,2,,,,,11,,,,,,,,,,,,,,,,,,52,,,1986,North Texas Pollen Station,Flower Mound,TX,75022,US
1/31/2022,,,,,,,,,,,,,268,,,,,,,,,,,,,,2,,,,,,,,,,,,1902,North Texas Pollen Station,Flower Mound,TX,75022,US
1/11/2023,,,,,,,,,,,,,1331,,,,,,,,,,,,,,,,,,,,,,,4,,,2403,North Texas Pollen Station,Flower Mound,TX,75022,US
8/26/2021,,,,,,,,,,,9,,,,,,,2,,,,,,,,,,,,,,,,,,4,,,2533,North Texas Pollen Station,Flower Mound,TX,75022,US
4/3/2022,,,,,,,,,,149,,,22,,,,173,2,,,11,581,,,,,99,,,2,,3838,4,,,,,,2126,North Texas Pollen Station,Flower Mound,TX,75022,US
2/12/2021,,,,,,,,,,,,,9,,,,,,,,,,,,,,,,,,,,,,,43,,,892,North Texas Pollen Station,Flower Mound,TX,75022,US
6/7/2021,,,,,,,,,,,,,,,,,,2,,,,,,,,,,,,,,,,,,,,,2945,North Texas Pollen Station,Flower Mound,TX,75022,US
10/27/2022,,,6,,,,,,,,,,,,,,,2,,,,,,,,,,,,,,,,,,,,,1891,North Texas Pollen Station,Flower Mound,TX,75022,US
9/26/2022,,,205,,,,,,,,17,,,,,,,11,,,,,,,,,,,,,,,,,,56,,,1923,North Texas Pollen Station,Flower Mound,TX,75022,US
9/18/2021,,,242,,,,,,,,4,,,,,,,9,,,,,,,,,,,,,,,,,,30,,,1761,North Texas Pollen Station,Flower Mound,TX,75022,US
7/20/2022,,,,,,,,,,,,,,,,,,,,,,,,,,,,,,,,,2,,,,,,1510,North Texas Pollen Station,Flower Mound,TX,75022,US
9/6/2021,,,80,,,,,,,,4,,,,,,,,,,,,,,,,,,,,,,,,,2,,,1495,North Texas Pollen Station,Flower Mound,TX,75022,US
1/23/2022,,,,,,,,,,,,,4,,,,,,,,,,,,,,,,,,,,,,,,,,1513,North Texas Pollen Station,Flower Mound,TX,75022,US
9/11/2022,,,186,,,,,,,,22,,,,,,,11,,,,,,,,,,,,,,,,,,95,,,2870,North Texas Pollen Station,Flower Mound,TX,75022,US
2/11/2021,,,,,,,,,,,,,13,,,,,,,,,,,,,,,,,,,,,,,13,,,750,North Texas Pollen Station,Flower Mound,TX,75022,US
10/6/2023,,,117,,,,,,,,,,,,,,,,,,,,,,,,,,,,,,,,,6,,,1699,North Texas Pollen Station,Flower Mound,TX,75022,US
7/15/2023,,,,,,,,,,,,,,,,,,5,,,,,,,,,2,,,,,,,,,,,,2241,North Texas Pollen Station,Flower Mound,TX,75022,US
1/18/2021,,,,,,,,,,,,,145,,,,,,,,,,,,,,,,,,,,,,,2,,,1493,North Texas Pollen Station,Flower Mound,TX,75022,US
11/20/2021,,,2,,,,,,,,,,2,,,,,,,,,,,,,,,,,,,,,,,,,,2615,North Texas Pollen Station,Flower Mound,TX,75022,US
12/17/2021,,,2,,,,,,,,,,190,,,,,2,,,,,,,,,,,,,,,,,,,,,1130,North Texas Pollen Station,Flower Mound,TX,75022,US
3/7/2021,,,2,,,,,,,,,,316,,,,,,,,,,,,,,,,,,,,,,,17,,,1519,North Texas Pollen Station,Flower Mound,TX,75022,US
4/20/2022,,,,,,6,,,,4,,,2,2,,,73,11,,,,2,,,,,32,,13,28,,627,4,17,,,,,4711,North Texas Pollen Station,Flower Mound,TX,75022,US
3/28/2023,82,,,,,,,,,78,,,23,,,,233,13,,,,26,,,,,13,,91,2,,1707,,,,,,,2159,North Texas Pollen Station,Flower Mound,TX,75022,US
12/16/2021,,,2,,,,,,,,2,,415,,,,,,,,,,,,,,,,,,,,,,,2,,,1601,North Texas Pollen Station,Flower Mound,TX,75022,US
3/24/2022,,,,,,,,,,,,,26,2,,,,6,,,2,,,,,,6,,,2,,2,,,,9,,,2809,North Texas Pollen Station,Flower Mound,TX,75022,US
6/8/2022,,,,,,,,,,,,,,,,,,9,,,,,,,,,,,,,,,,,,,,,2355,North Texas Pollen Station,Flower Mound,TX,75022,US
4/28/2022,,,,,,,,,15,65,,,,2,,,,41,,,,,,,,,4,,9,,,50,4,,,,,,3890,North Texas Pollen Station,Flower Mound,TX,75022,US
6/2/2021,,,,,,,,,,,,,,,,,,30,,,,,,,,,,,,,,,,,,,,,4826,North Texas Pollen Station,Flower Mound,TX,75022,US
2/8/2021,,,,,,,,,,,,,134,,,,,,,,,,,,,,2,,,,,2,,,,52,,,1528,North Texas Pollen Station,Flower Mound,TX,75022,US
9/7/2022,,,19,,2,6,,,,,,,,,,,,,,,,,,,,,,,,,,,,,,158,,,3799,North Texas Pollen Station,Flower Mound,TX,75022,US
6/22/2021,,,,,,,,,,,,,,,,,,2,,,,,,,,,,,,,,,,,,,,,1491,North Texas Pollen Station,Flower Mound,TX,75022,US
3/20/2023,143,,,,,,,,,9,,,14,,,,26,9,,,2,13,,,,,2,,26,2,,433,,,,,,,2111,North Texas Pollen Station,Flower Mound,TX,75022,US
10/30/2021,,,2,,,,,,,,,,,,,,,4,,,,,,,,,,,,,,,,,,,,,1977,North Texas Pollen Station,Flower Mound,TX,75022,US
9/3/2023,,,17,,,,,,,,2,,,,,,,,,,,,,,,,,,,,,,,,,2,,,4538,North Texas Pollen Station,Flower Mound,TX,75022,US
2/19/2022,,,,,,,,,,,,,24,,,,,,,,,,,,,,2,,,,,,,,,13,,,2038,North Texas Pollen Station,Flower Mound,TX,75022,US
1/8/2023,,,,,,,,,,,,,76,,,,,,,,,,,,,,,,,,,,,,,2,,,2133,North Texas Pollen Station,Flower Mound,TX,75022,US
7/21/2022,,,,,,,,,,,,,,,,,,2,,,,,,,,,,,,,,,,,,,,,2781,North Texas Pollen Station,Flower Mound,TX,75022,US
12/18/2023,,,,,,,,,,,,,,,,,,,,,,,,,,,,,,,,,,,,,,,1986,North Texas Pollen Station,Flower Mound,TX,75022,US
10/5/2023,,,65,,,,,,,,,,,,,,,,,,,,,,,,,,,,,,,,,14,,,2120,North Texas Pollen Station,Flower Mound,TX,75022,US
10/12/2023,,,160,,,,,,,,4,,,,,,,,,,,,,,,,,,,,,,,,,186,,,3803,North Texas Pollen Station,Flower Mound,TX,75022,US
10/14/2023,,,160,,3,,,,,,9,,2,,,,,,,,,,,,,,,,,,,,,,,98,,,3218,North Texas Pollen Station,Flower Mound,TX,75022,US
1/3/2021,,,,,,,,,,,,,233,,,,,,,,,,,,,,,,,,,,,,,,,,815,North Texas Pollen Station,Flower Mound,TX,75022,US
2/28/2023,,,,,,,,,,,,,19,,,,26,,,,2,50,,,,,,,,,,,,,,117,,,2593,North Texas Pollen Station,Flower Mound,TX,75022,US
2/17/2022,,,,,,,,,,,,,233,,,,,,,,,,,,,,4,,,,,,,,,26,,,2031,North Texas Pollen Station,Flower Mound,TX,75022,US
4/29/2023,,,,,,,47,,41,,,,1,,,,4,16,3,,,,,,,,2,,,,,5,5,,,,,,2062,North Texas Pollen Station,Flower Mound,TX,75022,US
2/8/2022,,,,,,2,,,,,,,58,,,,,,,,,,,,,,,,,,,,,,,,,,1880,North Texas Pollen Station,Flower Mound,TX,75022,US
1/25/2021,,,,,,,,,,,,,134,,,,,,,,,,,,,,,,,,,,,,,2,,,2135,North Texas Pollen Station,Flower Mound,TX,75022,US
2/24/2023,,,,,,,,,,,,,65,,,,,,,,,,,,,,2,,,,,,,,,50,,,1826,North Texas Pollen Station,Flower Mound,TX,75022,US
9/20/2021,,,376,,,,,,,,2,,,,,,,2,,,,,,,,,,,,,,,,,,205,,,1636,North Texas Pollen Station,Flower Mound,TX,75022,US
5/17/2022,,,,,,,,,6,,,,,2,,,,22,,,,,,,,,,,,,,11,,,,,,,1945,North Texas Pollen Station,Flower Mound,TX,75022,US
5/11/2021,,,,,,,,,,,,,,,,,,,,,,,,,,,,,,,,,,,,,,,1712,North Texas Pollen Station,Flower Mound,TX,75022,US
4/9/2022,,,,,,,,,,56,,,22,,,,35,4,,,,272,,,,,9,,,19,,3311,,9,,,,,1707,North Texas Pollen Station,Flower Mound,TX,75022,US
1/5/2022,,,,,,,,,,,,,398,,,,,,,,,,,,,,,,,,,,,,,,,,2301,North Texas Pollen Station,Flower Mound,TX,75022,US
1/15/2022,,,,,,,,,,,,,365,,,,,,,,,,,,,,,,,,,,,,,,,,1941,North Texas Pollen Station,Flower Mound,TX,75022,US
11/26/2022,,,,,,,,,,,,,,,,,,,,,,,,,,,,,,,,,,,,,,,1011,North Texas Pollen Station,Flower Mound,TX,75022,US
10/27/2023,,,13,,,,,,,,,,,,,,,12,,,,,,,,,,,,,,,,,,,,,1202,North Texas Pollen Station,Flower Mound,TX,75022,US
12/13/2023,,,,,,1,,,,,,,2,,,,,,,,,,,,,,,,,,,,,,,,,,2111,North Texas Pollen Station,Flower Mound,TX,75022,US
7/4/2021,,,,,,,,,,,,,,2,,,,6,,,,,,,,,,,,,,,,,,,,,2204,North Texas Pollen Station,Flower Mound,TX,75022,US
11/11/2022,,,2,,,,,,,,2,,2,,,,,4,,,,,,,,,,,,,,,,,,,,,2185,North Texas Pollen Station,Flower Mound,TX,75022,US
11/7/2022,,,4,,,,,,,,,,9,,,,,,,,,,,,,,,,,,,,,,,,,,2096,North Texas Pollen Station,Flower Mound,TX,75022,US
9/9/2023,,,39,,,,,,,,3,,,,,,,3,,,,,,,,,,,,,,,,,,22,,,4274,North Texas Pollen Station,Flower Mound,TX,75022,US
9/24/2021,,,290,,,,,,,,4,,,,,,,4,,,,,,,,,,,,,,,,,,13,,,2098,North Texas Pollen Station,Flower Mound,TX,75022,US
5/23/2022,,,,,,,,,,,,,,,,,,2,,,,,,,,,,,,,,,,,,,,,1772,North Texas Pollen Station,Flower Mound,TX,75022,US
4/11/2023,,,,,,,,,4,2,,,1,4,,,3,2,1,,,1,,,,,10,,39,,,123,9,11,,,,,1469,North Texas Pollen Station,Flower Mound,TX,75022,US
12/9/2023,,,,,,,,,,,,,4,,,,,,,,,,,,,,,,,,,,,,,,,,1776,North Texas Pollen Station,Flower Mound,TX,75022,US
3/15/2021,4,,,,,,2,,,2,,,48,,,,6,6,,,,,,,,,13,,,117,,30,,4,,,,,1735,North Texas Pollen Station,Flower Mound,TX,75022,US
3/25/2023,103,,,,,,,,,15,,,13,2,,,67,14,,,,37,,,,,5,,73,6,,1281,,22,,,,,,North Texas Pollen Station,Flower Mound,TX,75022,US
3/27/2023,,,,,,2,,,,71,,,22,1,,,76,19,,,2,41,,,,,11,,91,,,2809,,,,,,,1949,North Texas Pollen Station,Flower Mound,TX,75022,US
2/3/2021,,,,,,,,,,,,,106,,,,,,,,,,,,,,,,,,,,,,,166,,,1956,North Texas Pollen Station,Flower Mound,TX,75022,US
11/30/2023,,,,,,,,,,,,,,,,,,,,,,,,,,,,,,,,,,,,,,,1318,North Texas Pollen Station,Flower Mound,TX,75022,US
3/22/2022,,,,,,,,,,,,,19,,,,,,,,,,,,,,,,,,,2,,,,13,,,2183,North Texas Pollen Station,Flower Mound,TX,75022,US
9/14/2023,,,4,,,,,,,,,,,,,,,,,,,,,,,,,,,,,,2,,,,,,2593,North Texas Pollen Station,Flower Mound,TX,75022,US
7/31/2021,,,2,,,,,,,,,,,,,,,,,,,,,,,,,,,,,,,,,,,,1629,North Texas Pollen Station,Flower Mound,TX,75022,US
5/22/2023,,,,,,,,,1,,,,,4,,,,13,,,,,,,,,,,,,,,6,,,,,,2291,North Texas Pollen Station,Flower Mound,TX,75022,US
3/2/2022,,,,,,,,,,,,,411,,,,,,,,,,,,,,,,,,,,,,,205,,,2161,North Texas Pollen Station,Flower Mound,TX,75022,US
8/30/2022,,,,,,,,,,,,,,,,,,,,,,,,,,,,,,,,,,,,292,,,3866,North Texas Pollen Station,Flower Mound,TX,75022,US
10/31/2022,,,,,1513,,,,,,,,,,,,,,,,,,,,,,,,,,,,,,,,,,,North Texas Pollen Station,Flower Mound,TX,75022,US
12/26/2022,,,,,,,,,,,,,,,,,,,,,,,,,,,,,,,,,,,,,,,453,North Texas Pollen Station,Flower Mound,TX,75022,US
11/30/2021,,,,,,,,,,,,,4,,,,,,,,,,,,,,,,,,,,,,,,,,1301,North Texas Pollen Station,Flower Mound,TX,75022,US
6/25/2021,,,,,,,,,,,,,,2,,,,4,,,,,,,,,,,,,,,,,,,,,1469,North Texas Pollen Station,Flower Mound,TX,75022,US
1/10/2023,,,,,,,,,,,,,1379,,,,,,,,,,,,,,,,,,,,,,,,,,1962,North Texas Pollen Station,Flower Mound,TX,75022,US
9/6/2022,,,4,,,,,,,,2,,,,,,,2,,,,,,,,,,,,,,,,,,201,,,2178,North Texas Pollen Station,Flower Mound,TX,75022,US
1/12/2022,,,,,,,,,,,,,41,,,,,,,,,,,,,,,,,,,,,,,,,,1642,North Texas Pollen Station,Flower Mound,TX,75022,US
1/17/2023,,,,,,,,,,,,,228,,,,,,,,,,,,,,,,,,,,,,,6,,,2597,North Texas Pollen Station,Flower Mound,TX,75022,US
5/31/2021,,,,,,,,,,,,,,,,,,48,,,,,,,,,,,,,,,,,,,,,2792,North Texas Pollen Station,Flower Mound,TX,75022,US
6/15/2023,,,,,,2,,,,,,,,,,,,4,,,,,,,,,36,,,,,,,,,,,,4754,North Texas Pollen Station,Flower Mound,TX,75022,US
3/24/2023,65,,,,,,,,,41,,,2,,,,41,4,,,,12,,,,,11,,70,,,2810,,28,,,,,2003,North Texas Pollen Station,Flower Mound,TX,75022,US
10/2/2023,,,130,,,,,,,,,,,,,,,,,,,,,,,,,,,,,,,,,22,,,2187,North Texas Pollen Station,Flower Mound,TX,75022,US
6/11/2021,,,,,,,,,,,,,,,,,,13,,,,,,,,,,,,,,,,,,,,,1822,North Texas Pollen Station,Flower Mound,TX,75022,US
10/7/2023,,,64,,4,,,,,,6,,,,,,,,,,,,,,,,,,,,,,,,,2,,,2894,North Texas Pollen Station,Flower Mound,TX,75022,US
7/14/2021,,,,,6,,,,,,2,,,2,,,,6,,,,,,,,,,,,,,,,,,,,,1986,North Texas Pollen Station,Flower Mound,TX,75022,US
7/12/2022,,,,,,,,,,,,,,,,,,,,,,,,,,,,,,,,,,,,,,,1502,North Texas Pollen Station,Flower Mound,TX,75022,US
1/1/2021,,,2,,,,,,,,,,,,,,,,,,,,,,,,,,,,,,,,,,,,430,North Texas Pollen Station,Flower Mound,TX,75022,US
12/14/2023,,,,,,,,,,,,,,,,,,,,,,,,,,,,,,,,,,,,,,,1943,North Texas Pollen Station,Flower Mound,TX,75022,US
1/16/2022,,,,,,,,,,,,,,,,,,,,,,,,,,,,,,,,,,,,,,,854,North Texas Pollen Station,Flower Mound,TX,75022,US
6/20/2022,,,,,,,,,,,,,,2,,,,11,,,,,,,,,,,,,,,,,,,,,2425,North Texas Pollen Station,Flower Mound,TX,75022,US
2/1/2021,,,,,,,,,,,,,4,,,,,,,,,,,,,,,,,,,,,,,4,,,1091,North Texas Pollen Station,Flower Mound,TX,75022,US
11/13/2022,,,2,,,,,,,,,,,,,,,4,,,,,,,,,,,,,,,,,,,,,1923,North Texas Pollen Station,Flower Mound,TX,75022,US
12/12/2023,,,,,,2,,,,,,,,,,,,,,,,,,,,,,,,,,,,,,,,,2265,North Texas Pollen Station,Flower Mound,TX,75022,US
2/18/2022,,,,,,,,,,,,,39,,,,,,,,,,,,,,4,,,,,,,,,13,,,1884,North Texas Pollen Station,Flower Mound,TX,75022,US
12/22/2021,,,,,,,,,,,,,97,,,,,,,,,,,,,,,,,,,,,,,,,,1517,North Texas Pollen Station,Flower Mound,TX,75022,US
3/20/2021,9,,,,,,2,,,39,,,26,,,,41,6,,,2,145,,,,,9,,,24,,285,,6,,2,,,1428,North Texas Pollen Station,Flower Mound,TX,75022,US
7/1/2023,,,,,,,,,,,,,,,,,,9,,,,,,,,,,,,,,,,,,,,,3086,North Texas Pollen Station,Flower Mound,TX,75022,US
9/13/2023,,,24,,,,,,,,2,,,,,,,,,,,,,,,,,,,,,,,,,,,,3222,North Texas Pollen Station,Flower Mound,TX,75022,US
8/9/2022,,,,,,,,,,,,,,,,,,,,,,,,,,,,,,,,,,,,,,,1297,North Texas Pollen Station,Flower Mound,TX,75022,US
2/4/2021,,,2,,,,,,,,,,469,,,,,2,,,,,,,,,,,,,,,,,,84,,,2120,North Texas Pollen Station,Flower Mound,TX,75022,US
3/24/2021,24,,2,,,,,,,108,,,17,,,,169,,,,9,424,,,,,26,,13,24,,482,,19,,,,,1655,North Texas Pollen Station,Flower Mound,TX,75022,US
5/3/2023,,,,,,2,45,,35,,3,,17,,,,,35,3,,,,,,,,,,,,,3,6,,,,,,2917,North Texas Pollen Station,Flower Mound,TX,75022,US
6/12/2022,,,,,,,,,,,,,,,,,,4,,,,,,,,,,,,,,,,,,,,,2299,North Texas Pollen Station,Flower Mound,TX,75022,US
2/6/2023,,,,,,3,,,,,,,776,,,,,,,,,,,,,,,,,,,,,,,54,,,1833,North Texas Pollen Station,Flower Mound,TX,75022,US
5/5/2021,,,,,,,,,24,,,,,,,,11,17,2,,,73,,,,,,,,,,11,,,,,,,2811,North Texas Pollen Station,Flower Mound,TX,75022,US
10/24/2021,,,50,,,,,,,,,,19,,,,,9,,,,,,,,,,,,,,,,,,35,,,1921,North Texas Pollen Station,Flower Mound,TX,75022,US
4/24/2021,,,,,,,,,2,,,,,,,,4,6,,,,32,,,,,,,,,,17,,4,,,,,666,North Texas Pollen Station,Flower Mound,TX,75022,US
4/29/2022,,,,,,,,,54,160,,,,,,,,54,2,,,,,,,,6,,4,,,54,4,,,2,,,3587,North Texas Pollen Station,Flower Mound,TX,75022,US
9/19/2022,,,69,,,,,,,,,,,2,,,,13,,,,,,,,,,,,,,,,,,171,,,2615,North Texas Pollen Station,Flower Mound,TX,75022,US
8/11/2022,,,,,,,,,,,,,,,,,,,,,,,,,,,,,,,,,,,,,,,1783,North Texas Pollen Station,Flower Mound,TX,75022,US
4/1/2021,2,,,,,,15,,,106,,,58,,,,67,2,,,,41,,,,,9,,15,2,,970,,6,,,,,1580,North Texas Pollen Station,Flower Mound,TX,75022,US
6/24/2022,,,,,,,,,,,,,,,,,,9,,,,,,,,,,,,,,,,,,,,,2589,North Texas Pollen Station,Flower Mound,TX,75022,US
4/12/2022,26,,,,,19,,,,41,,,,4,,,58,6,,,2,130,,,,,9,,26,95,,7108,4,73,,,,,1513,North Texas Pollen Station,Flower Mound,TX,75022,US
12/20/2022,,,,,,,,,,,,,6,,,,,,,,,,,,,,,,,,,,,,,,,,2304,North Texas Pollen Station,Flower Mound,TX,75022,US
1/13/2022,,,,,,,,,,,,,71,,,,,,,,,,,,,,,,,,,,,,,,,,1491,North Texas Pollen Station,Flower Mound,TX,75022,US
3/8/2021,,,,,,,,,,,,,359,,,,,,,,,,,2,,,19,,,,,,,,,17,,,1774,North Texas Pollen Station,Flower Mound,TX,75022,US
4/6/2022,,,,,,,4,,,71,,,22,,,,67,6,,,15,264,,,,,17,,22,17,,3062,,,,,,,2848,North Texas Pollen Station,Flower Mound,TX,75022,US
2/5/2023,,,,,,,,,,,,,28,,,,,,,,,,,,,,,,,,,,,,,19,,,2051,North Texas Pollen Station,Flower Mound,TX,75022,US
2/9/2022,,,,,,,,,,,,,259,,,,,,,,,,,,,,,,,,,,,,,,,,2269,North Texas Pollen Station,Flower Mound,TX,75022,US
9/19/2023,,,22,,,,,,,,,,,,,,,2,,,,,,,,,,,,,,,,,,4625,,,3378,North Texas Pollen Station,Flower Mound,TX,75022,US
2/15/2022,,,,,,,,,,,,,655,,,,,,,,,,,,,,13,,,,,,,,,43,,,2377,North Texas Pollen Station,Flower Mound,TX,75022,US
8/9/2021,,,2,,,,,,,,4,,,,,,,6,,,,,,,,,,,,,,,,,,,,,1986,North Texas Pollen Station,Flower Mound,TX,75022,US
7/19/2021,,,,,,,,,,,,,,,,,,0,,,,,,,,,,,,,,,,,,,,,1297,North Texas Pollen Station,Flower Mound,TX,75022,US
3/25/2021,15,,,,,,4,,,214,,,4,,,,151,4,,,13,220,,2,,,41,,22,26,,728,,15,,2,,,2172,North Texas Pollen Station,Flower Mound,TX,75022,US
4/18/2023,,,,,,,80,,10,,,,11,9,,,,28,3,,,,,,,,,,,,,32,26,9,,,,,2118,North Texas Pollen Station,Flower Mound,TX,75022,US
1/13/2021,,,2,,,,,,,,,,35,,,,,,,,,,,,,,,,,,,,,,,,,,1247,North Texas Pollen Station,Flower Mound,TX,75022,US
8/30/2023,,,95,,,,,,,,,,,,,,,2,,,,,,,,,,,,,,,,,,,,,4102,North Texas Pollen Station,Flower Mound,TX,75022,US
5/15/2022,,,,,,,,,2,2,2,,,6,,,,32,,,,,,,,,,,,,,,2,,,,,,1962,North Texas Pollen Station,Flower Mound,TX,75022,US
12/2/2021,,,,,,,,,,,,,11,,,,,,,,,,,,,,,,,,,,,,,,,,1392,North Texas Pollen Station,Flower Mound,TX,75022,US
4/10/2021,2,,,,,,6,,,30,,,28,,,,160,9,,,2,182,,9,,,15,,9,,,2371,4,24,,,,,1582,North Texas Pollen Station,Flower Mound,TX,75022,US
12/13/2021,,,,,,,,,,,,,6,,,,,,,,,,,,,,,,,,,,,,,,,,1623,North Texas Pollen Station,Flower Mound,TX,75022,US
5/4/2021,,,,,,,,,58,,,,2,,,,2,56,2,,,117,,4,,,2,,,,,11,4,2,,,,,3313,North Texas Pollen Station,Flower Mound,TX,75022,US
4/16/2022,35,,,,,,,,2,13,,,4,2,,,65,9,,,,106,,,,,6,,65,2,,2550,15,,,,,,2593,North Texas Pollen Station,Flower Mound,TX,75022,US
8/1/2022,,,,,,2,,,,,,,,,,,,,,,,,,,,,,,,,,,,,,,,,1718,North Texas Pollen Station,Flower Mound,TX,75022,US
4/4/2022,13,,,,,,,,,162,,,4,2,,,138,9,,,6,395,,,,,39,,11,13,,4041,,,,,,,2113,North Texas Pollen Station,Flower Mound,TX,75022,US
7/23/2023,,,,,,,,,,,,,,1,,,,,,,,,,,,,,,,,,,,,,,,,3270,North Texas Pollen Station,Flower Mound,TX,75022,US
12/7/2023,,,6,,,,,,,,,,,,,,,,,,,,,,,,,,,,,,,,,,,,1081,North Texas Pollen Station,Flower Mound,TX,75022,US
10/24/2022,,,41,,,,,,,,2,,2,,,,,4,,,,,,,,,,,,,,,,,,24,,,1878,North Texas Pollen Station,Flower Mound,TX,75022,US
1/19/2023,,,,,,,,,,,,,84,,,,,,,,,,,,,,,,,,,,,,,6,,,2237,North Texas Pollen Station,Flower Mound,TX,75022,US
5/1/2022,,,,,,,,,48,71,,,2,4,,,17,54,4,,,6,,,,,,,15,,,102,4,,,2,,,2353,North Texas Pollen Station,Flower Mound,TX,75022,US
6/21/2021,,,,,,,,,,,,,,,,,,11,,,,,,,,,,,,,,,,,,,,,1729,North Texas Pollen Station,Flower Mound,TX,75022,US
4/26/2021,,,,,,,,,15,4,,,4,,,,28,58,9,,,175,,4,,,6,,,,,43,9,24,,,,,2358,North Texas Pollen Station,Flower Mound,TX,75022,US
11/25/2023,,,,,,,,,,,,,,,,,,,,,,,,,,,,,,,,,,,,,,,1727,North Texas Pollen Station,Flower Mound,TX,75022,US
12/28/2023,,,,,,,,,,,,,,,,,,,,,,,,,,,,,,,,,,,,,,,1297,North Texas Pollen Station,Flower Mound,TX,75022,US
9/2/2021,,,2,,,,,,,,2,,,,,,,4,,,,,,,,,,,,,,,,,,9,,,2623,North Texas Pollen Station,Flower Mound,TX,75022,US
11/8/2022,,,,,,,,,,,,,2,,,,,,,,,,,,,,,,,,,,,,,,,,3652,North Texas Pollen Station,Flower Mound,TX,75022,US
8/2/2023,,,,,,,,,,,,,,,,,,,,,,,,,,,,,,,,,,,,,,,1731,North Texas Pollen Station,Flower Mound,TX,75022,US
8/28/2023,,,86,,,,,,,,1,,,,,,,2,,,,,,,,,,,,,,,,,,,,,4294,North Texas Pollen Station,Flower Mound,TX,75022,US
5/8/2021,,,,,,,,,95,,,,,,,,,169,,,,35,,,,,2,,,,,,2,,,,,,1822,North Texas Pollen Station,Flower Mound,TX,75022,US
9/3/2021,,,39,,,,,,,,,,,,,,,4,,,,,,,,,,,,,,,,,,13,,,2161,North Texas Pollen Station,Flower Mound,TX,75022,US
11/28/2022,,,,,,,,,,,,,2,,,,,,,,,,,,,,,,,,,,,,,,,,2185,North Texas Pollen Station,Flower Mound,TX,75022,US
8/15/2021,,,,,,,,,,,,,,,,,,2,,,,,,,,,,,,,,,,,,,,,1491,North Texas Pollen Station,Flower Mound,TX,75022,US
12/31/2022,,,,,,,,,,,,,190,,,,,,,,,,,,,,,,,,,,,,,,,,1297,North Texas Pollen Station,Flower Mound,TX,75022,US
5/9/2022,,,,,,,,,13,24,,,,,,,,22,,,,,,,,,,,,,,6,,,,,,,2593,North Texas Pollen Station,Flower Mound,TX,75022,US
6/25/2022,,,,,,,,,,,2,,,,,,,2,,,,,,,,,,,,,,,,,,,,,2075,North Texas Pollen Station,Flower Mound,TX,75022,US
5/4/2023,,,,,,,61,,50,,,,9,2,,,,63,2,,,,,,,,,,,,,9,19,,,,,,,North Texas Pollen Station,Flower Mound,TX,75022,US
7/8/2023,,,,,,,,,,,3,,,,,,,2,,,,,,,,,2,,,,,,,,,,,,2457,North Texas Pollen Station,Flower Mound,TX,75022,US
11/4/2023,,,24,,,,,,,,,,,,,,,,,,,,,,,,,,,,,,,,,,,,1969,North Texas Pollen Station,Flower Mound,TX,75022,US
12/23/2022,,,,,,,,,,,,,4,,,,,,,,,,,,,,,,,,,,,,,,,,1761,North Texas Pollen Station,Flower Mound,TX,75022,US
9/25/2021,,,311,,,,,,,,2,,,,,,,6,,,,,,,,,,,,,,,,,,6,,,2809,North Texas Pollen Station,Flower Mound,TX,75022,US
1/17/2021,,,,,,,,,,,,,4,,,,,,,,,,,,,,,,,,,,,,,,,,1320,North Texas Pollen Station,Flower Mound,TX,75022,US
3/6/2021,,,,,,,,,,,,,1154,,,,,,,,,,,,,,,,,,,,,,,39,,,1463,North Texas Pollen Station,Flower Mound,TX,75022,US
1/9/2022,,,,,,,,,,,,,56,,,,,,,,,,,,,,,,,,,,,,,,,,3047,North Texas Pollen Station,Flower Mound,TX,75022,US
2/1/2022,,,,,,,,,,,,,110,,,,,,,,,,,,,,,,,,,,,,,,,,2485,North Texas Pollen Station,Flower Mound,TX,75022,US
10/11/2021,,,112,,,,,,,,9,,26,,,,,,,,,,,,,,2,,,,,,,,,43,,,4802,North Texas Pollen Station,Flower Mound,TX,75022,US
9/6/2023,,,4,,,,,,,,,,,,,,,2,,,,,,,,,,,,,,,,,,,,,3438,North Texas Pollen Station,Flower Mound,TX,75022,US
6/2/2023,,,,,,,,,,,,,,,,,,26,1,,,,,,,,,,,,,,2,,,,,,2161,North Texas Pollen Station,Flower Mound,TX,75022,US
12/1/2022,,,2,,,,,,,,,,,,,,,,,,,,,,,,,,,,,,,,,,,,2593,North Texas Pollen Station,Flower Mound,TX,75022,US
11/14/2022,,,,,,,,,,,,,,,,,,,,,,,,,,,,,,,,,,,,,,,1688,North Texas Pollen Station,Flower Mound,TX,75022,US
4/8/2022,9,,,,,,4,,,26,,,19,2,,,19,2,,,,82,,,,,,,,24,,972,2,,,,,,1729,North Texas Pollen Station,Flower Mound,TX,75022,US
4/15/2021,,,2,,,,,,,2,,,2,,,,110,6,2,,,17,,2,,,26,,,,,290,4,9,,,,,2749,North Texas Pollen Station,Flower Mound,TX,75022,US
8/4/2022,,,,,,2,,,,,,,,2,,,,,,,,,,,,,,,,,,,,,,,,,1750,North Texas Pollen Station,Flower Mound,TX,75022,US
12/3/2021,,,,,,,,,,,,,4,,,,,,,,,,,,,,,,,,,,,,,,,,1087,North Texas Pollen Station,Flower Mound,TX,75022,US
12/13/2022,,,,,,,,,,,,,9,,,,,,,,,,,,,,,,,,,,,,,,,,2615,North Texas Pollen Station,Flower Mound,TX,75022,US
3/2/2023,,,,,,,,,,4,,,603,,,,84,2,,,4,176,,,,,2,,,,,43,,,,51,,,2600,North Texas Pollen Station,Flower Mound,TX,75022,US
12/5/2021,,,2,,,,,,,,,,17,,,,,4,,,,,,,,,,,,,,,,,,,,,2334,North Texas Pollen Station,Flower Mound,TX,75022,US
10/3/2021,,,145,,,,,,,,,,,,,,,9,,,,,,,,,,,,,,,,,,130,,,5625,North Texas Pollen Station,Flower Mound,TX,75022,US
7/3/2023,,,,,,,,,,,2,,,,,,,1,,,,,,,,,1,,,,,,,,,,,,3674,North Texas Pollen Station,Flower Mound,TX,75022,US
12/6/2021,,,4,,,,,,,,,,4,,,,,2,,,,,,,,,,,,,,,,,,,,,1854,North Texas Pollen Station,Flower Mound,TX,75022,US
2/13/2021,,,,,,,,,,,,,,,,,,,,,,,,,,,,,,,,,,,,22,,,970,North Texas Pollen Station,Flower Mound,TX,75022,US
6/19/2021,,,,,,,,,,,,,2,,,,,17,,,,,,,,,,,,,,,,,,,,,2803,North Texas Pollen Station,Flower Mound,TX,75022,US
1/13/2023,,,,,,,,,,,,,877,,,,,,,,,,,,,,,,,,,,,,,,,,2816,North Texas Pollen Station,Flower Mound,TX,75022,US
5/27/2023,,,,,,,,,,,,,,2,,,,19,,,,,,,,,,,,,,,,,,,,,2126,North Texas Pollen Station,Flower Mound,TX,75022,US
8/30/2021,,,26,,,,,,,,8,,,,,,,15,,,,,,,,,,,,,,,,,,10,,,2118,North Texas Pollen Station,Flower Mound,TX,75022,US
10/28/2021,,,50,,,,,,,,,,9,,,,,2,,,,,,,,,,,,,,,,,,9,,,2355,North Texas Pollen Station,Flower Mound,TX,75022,US
4/1/2023,13,,,,,,,,,4,,,17,1,,,82,11,2,,,39,,,,,,,78,4,,3187,,121,,,,,1513,North Texas Pollen Station,Flower Mound,TX,75022,US
9/11/2023,,,58,,8,,,,,,4,,,,,,,2,,,,,,,,,,,,,,,,,,,,,3898,North Texas Pollen Station,Flower Mound,TX,75022,US
6/12/2023,,,,,,,,,,,,,,,,,,,,,,,,,,,6,,,,,,1,,,,,,4348,North Texas Pollen Station,Flower Mound,TX,75022,US
12/9/2022,,,,,,,,,,,,,2,,,,,,,,,,,,,,,,,,,,,,,,,,1949,North Texas Pollen Station,Flower Mound,TX,75022,US
11/10/2023,,,,,,,,,,,,,4,,,,,,,,,,,,,,,,,,,,,,,,,,1876,North Texas Pollen Station,Flower Mound,TX,75022,US
8/11/2023,,,,,,,,,,,,,,,,,,2,,,,,,,,,,,,,,,,,,,,,1733,North Texas Pollen Station,Flower Mound,TX,75022,US
2/7/2021,,,,,,,,,,,,,26,,,,,,,,,,,,,,,,,,,,,,,13,,,949,North Texas Pollen Station,Flower Mound,TX,75022,US
11/12/2023,,,3,,,,,,,,,,,,,,,,,,,,,,,,,,,,,,,,,,,,1945,North Texas Pollen Station,Flower Mound,TX,75022,US
4/6/2023,,,,,,,,,,6,,,2,,,,76,4,,,,15,,,,,9,,26,,,301,4,30,,,,,1729,North Texas Pollen Station,Flower Mound,TX,75022,US
7/12/2021,,,,,,,,,,,,,,,,,,11,,,,,,,,,,,,,,,,,,,,,2688,North Texas Pollen Station,Flower Mound,TX,75022,US
12/10/2021,,,,,,,,,,,,,63,,,,,,,,,,,,,,,,,,,,,,,,,,2377,North Texas Pollen Station,Flower Mound,TX,75022,US
2/2/2021,,,,,,,,,,,,,6,,,,,,,,,,,,,,,,,,,,,,,11,,,1398,North Texas Pollen Station,Flower Mound,TX,75022,US
7/4/2022,,,,,,,,,,,,,,,,,,,,,,,,,,,,,,,,,,,,,,,1679,North Texas Pollen Station,Flower Mound,TX,75022,US
12/22/2022,,,,,,,,,,,,,13,,,,,,,,,,,,,,2,,,,,,,,,,,,1979,North Texas Pollen Station,Flower Mound,TX,75022,US
8/23/2021,,,6,,,,,,,,8,,,,,,,,,,,,,,,,,,,,,,,,,821,,,2498,North Texas Pollen Station,Flower Mound,TX,75022,US
12/7/2021,,,4,,,,,,,,,,,,,,,,,,,,,,,,,,,,,,,,,,,,1707,North Texas Pollen Station,Flower Mound,TX,75022,US
10/6/2021,,,45,,,,,,,,2,,,,,,,,,,,,,,,,,,,,,,,,,48,,,1956,North Texas Pollen Station,Flower Mound,TX,75022,US
5/5/2023,,,,,,,15,,4,,2,,4,,,,,15,1,,,,,,,,3,,,,,,11,,,,,,,North Texas Pollen Station,Flower Mound,TX,75022,US
6/6/2023,,,,,,,,,,,,,,,,,,28,,,,,,,,,2,,,,,,,,,,,,1949,North Texas Pollen Station,Flower Mound,TX,75022,US
5/10/2023,,,,,,,,,,,,,,,,,,12,,,,,,,,,2,,,,,,,,,,,,1729,North Texas Pollen Station,Flower Mound,TX,75022,US
3/7/2023,,,,,,,,,,39,,,17,,,,140,28,,,6,573,,,,,11,,,67,,580,4,,,,,,2684,North Texas Pollen Station,Flower Mound,TX,75022,US
4/7/2023,,,,,,,2,,,2,,,3,1,,,84,,2,,,84,,,,,13,,45,,,175,,19,,,,,1718,North Texas Pollen Station,Flower Mound,TX,75022,US
2/27/2021,,,,,,,,,,,,,192,,,,,,,,,,,,,,,,,,,,,,,19,,,1495,North Texas Pollen Station,Flower Mound,TX,75022,US
10/29/2022,,,,,,,,,,,,,,,,,,,,,,,,,,,,,,,,,,,,2,,,908,North Texas Pollen Station,Flower Mound,TX,75022,US
9/1/2022,,,,,,,,,,,,,,,,,,,,,,,,,,,,,,,,,,,,13,,,5619,North Texas Pollen Station,Flower Mound,TX,75022,US
1/24/2022,,,,,,,,,,,,,56,,,,,,,,,,,,,,2,,,,,,,,,,,,1945,North Texas Pollen Station,Flower Mound,TX,75022,US
11/19/2022,,,2,,,,,,,,,,2,,,,,2,,,,,,,,,,,,,,,,,,,,,1904,North Texas Pollen Station,Flower Mound,TX,75022,US
4/25/2023,,,,,,,61,,39,,,,2,2,,,5,37,2,,,,,,,,4,,,,,41,23,,,,,,2211,North Texas Pollen Station,Flower Mound,TX,75022,US
3/15/2023,,,,,,,2,,,84,,,23,,,,50,2,4,,7,56,,,,,56,,,27,,1470,,19,,,,,3025,North Texas Pollen Station,Flower Mound,TX,75022,US
9/22/2023,,,6,,,,,,,,1,,,,,,,,,,,,,,,,,,,,,,,,,130,,,1729,North Texas Pollen Station,Flower Mound,TX,75022,US
9/14/2022,,,35,,,,,,,,,,,,,,,9,,,,,,,,,,,,,,,,,,13,,,2563,North Texas Pollen Station,Flower Mound,TX,75022,US
3/23/2021,,,,,,,4,,,78,,,,,,,153,4,,,4,61,,,,,15,,4,13,,287,,6,,,,,2124,North Texas Pollen Station,Flower Mound,TX,75022,US
8/21/2021,,,,,,,,,,,9,,,,,,,,,,,,,,,,,,,,,,,,,19,,,2552,North Texas Pollen Station,Flower Mound,TX,75022,US
12/26/2023,,,,,,,,,,,,,35,,,,,,,,,,,,,,,,,,,,,,,,,,2809,North Texas Pollen Station,Flower Mound,TX,75022,US
8/27/2023,,,37,,,,,,,,1,,,,,,,2,,,,,,,,,,,,,,,,,,4,,,4322,North Texas Pollen Station,Flower Mound,TX,75022,US
10/9/2022,,,22,,,,,,,,2,,,,,,,,,,,,,,,,,,,,,,,,,17,,,2299,North Texas Pollen Station,Flower Mound,TX,75022,US
10/10/2023,,,76,,,,,,,,6,,,,,,,5,,,,,,,,,,,,,,,,,,52,,,3707,North Texas Pollen Station,Flower Mound,TX,75022,US
7/19/2022,,,,,,,,,,,,,,,,,,2,,,,,,,,,,,,,,,,,,,,,1742,North Texas Pollen Station,Flower Mound,TX,75022,US
3/6/2022,,,,,,,,,,,,,633,,,,4,,,,,,,,,,,,,,,,,,,553,,,1729,North Texas Pollen Station,Flower Mound,TX,75022,US
8/28/2022,,,2,,,,,,,,,,,,,,,2,,,,,,,,,,,,,,,,,,3337,,,2999,North Texas Pollen Station,Flower Mound,TX,75022,US
2/27/2023,,,,,,,,,,,,,52,,,,9,,9,,,,,,,,,,,,,5,,,,20,,,2377,North Texas Pollen Station,Flower Mound,TX,75022,US
12/10/2023,,,,,,1,,,,,,,,,,,,,,,,,,,,,,,,,,,,,,,,,1707,North Texas Pollen Station,Flower Mound,TX,75022,US
2/25/2023,,,,,,,,,,,,,1,,,,,,,,,,,,,,,,,,,,,,,2,,,1729,North Texas Pollen Station,Flower Mound,TX,75022,US
10/23/2023,,,54,,2,,,,,,5,,,,,,,2,,,,,,,,,,,,,,,,,,9,,,1729,North Texas Pollen Station,Flower Mound,TX,75022,US
4/5/2021,6,,,,,,4,,,24,,,4,,,,76,2,,,,58,,,,,6,,,,,3931,,13,,,,,1128,North Texas Pollen Station,Flower Mound,TX,75022,US
4/14/2021,13,,,,,,,,6,19,,,2,,,,311,4,,,,121,,6,,,443,,4,,,845,15,35,,,,,1941,North Texas Pollen Station,Flower Mound,TX,75022,US
8/22/2021,,,6,,,,,,,,4,,,,,,,,,,,,,,,,,,,,,,,,,305,,,2280,North Texas Pollen Station,Flower Mound,TX,75022,US
9/12/2022,,,255,,,,,,,,17,,,,,,,9,,,,,,,,,,,,,,,,,,15,,,2589,North Texas Pollen Station,Flower Mound,TX,75022,US
7/1/2021,,,,,,,,,,,,,,2,,,,,,,,,,,,,,,,,,,,,,,,,1614,North Texas Pollen Station,Flower Mound,TX,75022,US
8/11/2021,,,,,,,,,,,2,,,,,,,,,,,,,,,,,,,,,,,,,,,,2600,North Texas Pollen Station,Flower Mound,TX,75022,US
5/11/2022,,,,,,2,,,11,9,,,,2,,,,41,,,,,,,,,2,,,,,6,,,,,,,1837,North Texas Pollen Station,Flower Mound,TX,75022,US
2/15/2023,,,,,,,,,,,,,456,,,,,,,,,,,,,,2,,,,,,,,,173,,,2498,North Texas Pollen Station,Flower Mound,TX,75022,US
6/7/2023,,,,,,,,,,,,,,1,,,,6,,,,,,,,,,,,,,,3,,,,,,2185,North Texas Pollen Station,Flower Mound,TX,75022,US
9/19/2021,,,86,,,,,,,,4,,,,,,,4,,,,,,,,,,,,,,,,,,43,,,1884,North Texas Pollen Station,Flower Mound,TX,75022,US
2/23/2022,,,,,,,,,,,,,194,,,,,2,,,,,,,,,,,,,,,,,,69,,,1729,North Texas Pollen Station,Flower Mound,TX,75022,US
9/18/2022,,,43,,,,,,,,6,,,,,,,2,,,,,,,,,,,,,,,,,,1912,,,2420,North Texas Pollen Station,Flower Mound,TX,75022,US
10/25/2023,,,50,,,,,,,,,,,,,,,,,,,,,,,,,,,,,,,,,2,,,1491,North Texas Pollen Station,Flower Mound,TX,75022,US
8/8/2023,,,,,,,,,,,,,,,,,,,,,,,,,,,,,,,,,,,,,,,1737,North Texas Pollen Station,Flower Mound,TX,75022,US
4/24/2022,,,,,,,,,9,24,,,2,4,,,4,39,6,,,,,,,,11,,19,,,99,,,,,,,2157,North Texas Pollen Station,Flower Mound,TX,75022,US
9/18/2023,,,53,,,,,,,,,,,,,,,,,,,,,,,,,,,,,,,,,575,,,6479,North Texas Pollen Station,Flower Mound,TX,75022,US
10/6/2022,,,108,,,,,,,,,,,,,,,6,,,,,,,,,,,,,,,,,,158,,,2377,North Texas Pollen Station,Flower Mound,TX,75022,US
12/3/2022,,,9,,,,,,,,,,4,,,,,,,,,,,,,,,,,,,,,,,,,,2137,North Texas Pollen Station,Flower Mound,TX,75022,US
9/27/2021,,,370,,,,,,,,9,,,,,,,2,,,,,,,,,,,,,,,,,,864,,,1938,North Texas Pollen Station,Flower Mound,TX,75022,US
6/27/2021,,,,,2,,,,,,,,,,,,,11,,,,,,,,,,,,,,,,,,,,,1487,North Texas Pollen Station,Flower Mound,TX,75022,US
8/4/2023,,,,,,,,,,,,,,,,,,,,,,,,,,,,,,,,,,,,,,,1383,North Texas Pollen Station,Flower Mound,TX,75022,US
5/11/2023,,,,,,,,,,,,,2,,,,,43,,,,,,,,,,,,,,,6,,,,,,2005,North Texas Pollen Station,Flower Mound,TX,75022,US
11/28/2023,,,,,,,,,,,,,,,,,,,,,,,,,,,,,,,,,,,,,,,1405,North Texas Pollen Station,Flower Mound,TX,75022,US
9/7/2023,,,22,,,,,,,,3,,,,,,,,,,,,,,,,,,,,,,,,,32,,,2922,North Texas Pollen Station,Flower Mound,TX,75022,US
7/15/2022,,,,,,,,,,,,,,,,,,,,,,,,,,,,,,,,,,,,,,,1491,North Texas Pollen Station,Flower Mound,TX,75022,US
5/7/2021,,,,,,,,,99,,,,,,,,,71,,,,119,,2,,,,,,,,4,,6,,,,,1279,North Texas Pollen Station,Flower Mound,TX,75022,US
12/4/2021,,,2,,,,,,,,,,2,,,,,,,,,,,,,,,,,,,,,,,,,,1945,North Texas Pollen Station,Flower Mound,TX,75022,US
12/10/2022,,,,,,,,,,,2,,28,,,,,,,,,,,,,,,,,,,,,,,,,,2464,North Texas Pollen Station,Flower Mound,TX,75022,US
6/1/2023,,,,,,,,,,,4,,,,,,,24,,,,,,,,,,,,,,4,4,,,,,,2672,North Texas Pollen Station,Flower Mound,TX,75022,US
3/23/2023,201,,,,,,,,,110,,,,,,,42,6,,,,24,,,,,3,,104,,,3723,,218,,,,,1902,North Texas Pollen Station,Flower Mound,TX,75022,US
10/31/2021,,,17,,,,,,,,,,2,,,,,2,,,,,,,,,,,,,,,,,,,,,1446,North Texas Pollen Station,Flower Mound,TX,75022,US
4/16/2021,,,,,,,,,2,,,,,,,,,,,,,2,,,,,,,,,,48,,,,,,,2829,North Texas Pollen Station,Flower Mound,TX,75022,US
5/26/2021,,,,,,,,,,,,,,,,,,6,,,,,,,,,,,,,,,,,,,,,4112,North Texas Pollen Station,Flower Mound,TX,75022,US
11/26/2023,,,,,,,,,,,,,,,,,,,,,,,,,,,,,,,,,,,,2,,,1469,North Texas Pollen Station,Flower Mound,TX,75022,US
9/7/2021,,,26,,4,,,,,,4,,,,,,,6,,,,,,,,,,,,,,,,,,2,,,2837,North Texas Pollen Station,Flower Mound,TX,75022,US
6/11/2023,,,,,,,,,,,4,,,,,,,5,,,,,,,,,6,,,,,,2,,,,,,5716,North Texas Pollen Station,Flower Mound,TX,75022,US
11/19/2023,,,,,,,,,,,,,,,,,,1,,,,,,,,,,,,,,,,,,,,,4082,North Texas Pollen Station,Flower Mound,TX,75022,US
11/17/2021,,,13,,,,,,,,,,13,,,,,9,,,,,,,,,,,,,,,,,,,,,1316,North Texas Pollen Station,Flower Mound,TX,75022,US
12/30/2023,,,,,,,,,,,,,1,,,,,,,,,,,,,,,,,,,,,,,,,,1275,North Texas Pollen Station,Flower Mound,TX,75022,US
9/23/2022,,,91,,,,,,,,,,,,,,,9,,,,,,,,,,,,,,,,,,147,,,2113,North Texas Pollen Station,Flower Mound,TX,75022,US
7/3/2022,,,,,,,,,,,,,,,,,,2,,,,,,,,,,,,,,,,,,,,,1969,North Texas Pollen Station,Flower Mound,TX,75022,US
6/29/2022,,,,,,,,,,,,,,,,,,4,,,,,,,,,,,,,,2,,,,,,,1712,North Texas Pollen Station,Flower Mound,TX,75022,US
4/11/2022,28,,,,,,,,,82,,,9,,,,24,17,,,,175,,,,,6,,15,41,,1405,4,17,,,,,1620,North Texas Pollen Station,Flower Mound,TX,75022,US
5/26/2023,,,,,,,,,4,,,,,,,,,52,,,,,,,,,,,,,,,3,,,,,,2265,North Texas Pollen Station,Flower Mound,TX,75022,US
4/7/2022,9,,,,,22,4,,,24,,,30,,,,24,9,,,4,140,,,,,13,,,26,,1420,,,,,,,1945,North Texas Pollen Station,Flower Mound,TX,75022,US
10/8/2022,,,78,,,,,,,,,,,,,,,11,,,,,,,,,,,,,,,,,,175,,,2561,North Texas Pollen Station,Flower Mound,TX,75022,US
5/22/2022,,,,,,,,,4,,2,,2,,,,,11,,,,,,,,,4,,,,,,,,,,,,1789,North Texas Pollen Station,Flower Mound,TX,75022,US
12/20/2023,,,,,,,,,,,,,,,,,,,,,,,,,,,,,,,,,,,,,,,2466,North Texas Pollen Station,Flower Mound,TX,75022,US
3/15/2022,,,,,,,,,,,2,,562,,,,2,2,,,,,,,,,,,,,,,,,,218,,,1724,North Texas Pollen Station,Flower Mound,TX,75022,US
4/19/2022,19,,,,,,4,,2,2,,,2,6,,,121,6,39,,,26,,,,,376,,43,4,,672,2,32,,,,,5186,North Texas Pollen Station,Flower Mound,TX,75022,US
11/21/2022,,,2,,,,,,,,,,,,,,,,,,,,,,,,,,,,,,,,,,,,1476,North Texas Pollen Station,Flower Mound,TX,75022,US
3/6/2023,,,,,,,,,,30,,,4,,,,185,,,,4,457,,,,,,,,21,,385,,13,,9,,,2351,North Texas Pollen Station,Flower Mound,TX,75022,US
4/13/2021,6,,,,,,2,,,32,,,9,,,,268,13,2,,,147,,11,,,67,,26,,,1113,15,43,,,,,2059,North Texas Pollen Station,Flower Mound,TX,75022,US
7/30/2023,,,,,,,,,,,2,,,,,,,,,,,,,,,,,,,,,,,,,,,,1405,North Texas Pollen Station,Flower Mound,TX,75022,US
1/6/2022,,,,,,,,,,,,,28,,,,,,,,,,,,,,,,,,,,,,,,,,1513,North Texas Pollen Station,Flower Mound,TX,75022,US
8/3/2023,,,,,,,,,,,6,,,,,,,,,,,,,,,,3,,,,,,,,,,,,1791,North Texas Pollen Station,Flower Mound,TX,75022,US
12/17/2023,,,,,,,,,,,,,,,,,,,,,,,,,,,,,,,,,,,,,,,1729,North Texas Pollen Station,Flower Mound,TX,75022,US
5/25/2021,,,,,,,,,2,,,,,,,,,6,,,,,,,,,,,,,,,,,,,,,3680,North Texas Pollen Station,Flower Mound,TX,75022,US
1/7/2023,,,,,,,,,,,,,929,,,,,,,,,,,,,,,,,,,,,,,,,,1947,North Texas Pollen Station,Flower Mound,TX,75022,US
1/9/2023,,,,,,,,,,,,,153,,,,,,,,,,,,,,,,,,,,,,,4,,,1727,North Texas Pollen Station,Flower Mound,TX,75022,US
1/23/2021,,,,,,,,,,,,,28,,,,,,,,,,,,,,,,,,,,,,,2,,,1007,North Texas Pollen Station,Flower Mound,TX,75022,US
4/22/2022,,,,,,,,,6,9,,,2,2,,,11,24,2,,,2,,,,,13,,24,,,387,4,26,,,,,2874,North Texas Pollen Station,Flower Mound,TX,75022,US
11/9/2023,,,6,,,,,,,,,,26,,,,,2,,,,,,,,,,,,,,,,,,,,,3025,North Texas Pollen Station,Flower Mound,TX,75022,US
5/31/2023,,,,,,,,,,,,,,,,,,,,,,,,,,,,,,,,,,,,,,,2788,North Texas Pollen Station,Flower Mound,TX,75022,US
8/2/2021,,,,,,,,,,,,,,,,,,2,,,,,,,,,,,,,,,,,,,,,2604,North Texas Pollen Station,Flower Mound,TX,75022,US
9/4/2023,,,5,,,,,,,,,,,,,,,,,,,,,,,,,,,,,,,,,,,,4290,North Texas Pollen Station,Flower Mound,TX,75022,US
10/23/2021,,,63,,,,,,,,,,19,2,,,,4,,,,,,,,,,,,,,,,,,35,,,2394,North Texas Pollen Station,Flower Mound,TX,75022,US
4/15/2023,,,,,,4,22,,28,24,,,12,,,,4,13,6,,,,,,,,5,,,,,113,3,31,,,,,2376,North Texas Pollen Station,Flower Mound,TX,75022,US
10/7/2021,,,134,,,,,,,,4,,,,,,,,,,,,,,,,,,,,,,,,,192,,,1454,North Texas Pollen Station,Flower Mound,TX,75022,US
9/30/2023,,,238,,,,,,,,,,,,,,,5,,,,,,,,,,,,,,,,,,104,,,3434,North Texas Pollen Station,Flower Mound,TX,75022,US
1/5/2021,,,,,,,,,,,,,45,,,,,,,,,,,,,,,,,,,,,,,,,,1087,North Texas Pollen Station,Flower Mound,TX,75022,US
7/9/2023,,,,,,,,,,,,,,,,,,,,,,,,,,,4,,,,,,,,,,,,3291,North Texas Pollen Station,Flower Mound,TX,75022,US
6/4/2022,,,,,,,,,,,,,2,,,,,2,,,,,,,,,2,,,,,,,,,,,,2483,North Texas Pollen Station,Flower Mound,TX,75022,US
8/27/2021,,,,,,,,,,,,,,,,,,11,,,,,,,,,,,,,,,,,,24,,,1938,North Texas Pollen Station,Flower Mound,TX,75022,US
3/1/2023,,,,,,,,,,11,,,227,,,,88,,,,,174,,,,,,,,,,40,2,,,112,,,2766,North Texas Pollen Station,Flower Mound,TX,75022,US
10/9/2021,,,227,,,,,,,,,,,,,,,,,,,,,,,,,,,,,,,,,199,,,4538,North Texas Pollen Station,Flower Mound,TX,75022,US
5/10/2021,,,,,,,,,48,,,,,,,,2,30,,,,54,,6,,,,,,,,,6,4,,,,,1515,North Texas Pollen Station,Flower Mound,TX,75022,US
1/15/2021,,,2,,,,,,,,2,,30,,,,,,,,,,,,,,,,,,,,,,,2,,,2358,North Texas Pollen Station,Flower Mound,TX,75022,US
2/26/2023,,,,,,,,,,,,,12,,,,,,,,,,,,,,,,,,,,,,,32,,,1707,North Texas Pollen Station,Flower Mound,TX,75022,US
6/26/2023,,,,,,,,,,,4,,,,,,,5,,,,,,,,,2,,,,,,,,,,,,3025,North Texas Pollen Station,Flower Mound,TX,75022,US
8/17/2023,,,2,,,,,,,,4,,,,,,,,,,,,,,,,,,,,,,,,,,,,1545,North Texas Pollen Station,Flower Mound,TX,75022,US
11/18/2022,,,,,,,,,,,,,2,,,,,2,,,,,,,,,,,,,,,,,,,,,1796,North Texas Pollen Station,Flower Mound,TX,75022,US
12/26/2021,,,,,,,,,,,,,728,,,,,,,,,,,,,,,,,,,,,,,,,,1956,North Texas Pollen Station,Flower Mound,TX,75022,US
7/25/2023,,,,,,,,,,,1,,,,,,,1,,,,,,,,,,,,,,,,,,,,,1921,North Texas Pollen Station,Flower Mound,TX,75022,US
3/16/2022,,,,,,,,,,,,,212,,,,,4,,,,,,,,,,,,,,,,,,313,,,2064,North Texas Pollen Station,Flower Mound,TX,75022,US
2/16/2022,,,,,,,,,,,,,456,,,,,,,,,,,,,,2,,,,,,,,,61,,,2137,North Texas Pollen Station,Flower Mound,TX,75022,US
12/21/2023,,,,,,,,,,,,,,,,,,,,,,,,,,,,,,,,,,,,,,,2403,North Texas Pollen Station,Flower Mound,TX,75022,US
4/4/2023,,,,,,,,,2,6,,,2,,,,35,11,2,,,29,,,,,,,79,17,,741,11,23,,,,,2133,North Texas Pollen Station,Flower Mound,TX,75022,US
12/14/2022,,,,,,,,,,,,,24,,,,,,,,,,,,,,,,,,,,,,,,,,2807,North Texas Pollen Station,Flower Mound,TX,75022,US
8/4/2021,,,,,,,,,,,,,,,,,,,,,,,,,,,,,,,,,,,,,,,4970,North Texas Pollen Station,Flower Mound,TX,75022,US
5/10/2022,,,,,,,,,9,4,,,,,,,,45,,,,,,,,,,,,,,,2,,,,,,1967,North Texas Pollen Station,Flower Mound,TX,75022,US
11/24/2022,,,,,,,,,,,,,,,,,,,,,,,,,,,,,,,,,,,,,,,864,North Texas Pollen Station,Flower Mound,TX,75022,US
6/19/2023,,,,,,1,,,,,,,,,,,,8,,,,,,,,,13,,,,,,2,,,,,,3961,North Texas Pollen Station,Flower Mound,TX,75022,US
10/18/2021,,,15,,,,,,,,,,,,,,,4,,,,,,,,,,,,,,,,,,80,,,1608,North Texas Pollen Station,Flower Mound,TX,75022,US
4/20/2021,,,,,,,,,13,,2,,6,,,,73,39,2,,,69,,2,,,9,,,,,274,2,26,,,,,2598,North Texas Pollen Station,Flower Mound,TX,75022,US
1/12/2021,,,2,,,,,,,,,,,,,,,,,,,,,,,,,,,,,,,,,,,,1312,North Texas Pollen Station,Flower Mound,TX,75022,US
10/2/2021,,,132,,,,,,,,,,,,,,,4,,,,,,,,,,,,,,,,,,117,,,5037,North Texas Pollen Station,Flower Mound,TX,75022,US
5/4/2022,,,,,,,,,17,63,,,2,,,,,50,2,,,,,,,,4,,11,,,6,2,,,,,,4370,North Texas Pollen Station,Flower Mound,TX,75022,US
9/23/2023,,,91,,,,,,,,10,,,,,,,,,,,,,,,,,,,,,,,,,361,,,3021,North Texas Pollen Station,Flower Mound,TX,75022,US
10/1/2022,,,110,,,,,,,,6,,,,,,,4,,,,,,,,,,,,,,,,,,2,,,2267,North Texas Pollen Station,Flower Mound,TX,75022,US
7/29/2022,,,,,,,,,,,,,,,,,,4,,,,,,,,,,,,,,,,,,,,,2269,North Texas Pollen Station,Flower Mound,TX,75022,US
8/25/2022,,,2,,,4,,,,,,,,,,,,,,,,,,,,,,,,,,,,,,48,,,4538,North Texas Pollen Station,Flower Mound,TX,75022,US
5/12/2022,,,,,,,,,2,2,,,2,4,,,,45,,,,,,,,,,,,,,,2,,,,,,2150,North Texas Pollen Station,Flower Mound,TX,75022,US
3/26/2023,,,,,,,,,,28,,,11,,,,141,4,,,2,82,,,,,4,,82,,,2801,,13,,,,,2126,North Texas Pollen Station,Flower Mound,TX,75022,US
2/7/2023,,,,,,,,,,,,,911,,,,,,,,,,,,,,,,,,,,,,,102,,,1660,North Texas Pollen Station,Flower Mound,TX,75022,US
10/22/2023,,,158,,,,,,,,,,,,,,,10,,,,,,,,,,,,,,,,,,24,,,1938,North Texas Pollen Station,Flower Mound,TX,75022,US
5/30/2022,,,,,,4,,,,,2,,,,,,,2,,,,,,,,,,,,,,,,,,,,,2299,North Texas Pollen Station,Flower Mound,TX,75022,US
1/15/2023,,,,,,,,,,,,,158,,,,,,,,,,,,,,,,,,,,,,,6,,,1945,North Texas Pollen Station,Flower Mound,TX,75022,US
1/20/2022,,,,,,,,,,,,,54,,,,,,,,,,,,,,,,,,,,,,,,,,1729,North Texas Pollen Station,Flower Mound,TX,75022,US
6/3/2021,,,,,,,,,,,,,,,,,,28,,,,,,,,,,,,,,,,,,,,,5253,North Texas Pollen Station,Flower Mound,TX,75022,US
5/23/2021,,,,,,,,,,,,,,,,,,13,,,,,,,,,,,,,,,,,,,,,2185,North Texas Pollen Station,Flower Mound,TX,75022,US
8/5/2022,,,,,,,,,,,,,,,,,,,,,,,,,,,,,,,,,,,,,,,1707,North Texas Pollen Station,Flower Mound,TX,75022,US
9/22/2021,,,408,,,,,,,,11,,,,,,,6,,,,,,,,,,,,,,,,,,26,,,2794,North Texas Pollen Station,Flower Mound,TX,75022,US
5/6/2023,,,,,,,9,,30,,,,,,,,,41,,,,,,,,,6,,,,,4,15,,,,,,3674,North Texas Pollen Station,Flower Mound,TX,75022,US
12/29/2022,,,,,,,,,,,,,873,,,,,,,,,,,,,,,,,,,,,,,,,,1096,North Texas Pollen Station,Flower Mound,TX,75022,US
2/13/2023,,,,,,,,,,,,,692,,,,,,,,,,,,,,2,,,,,,,,,71,,,2263,North Texas Pollen Station,Flower Mound,TX,75022,US
8/18/2022,,,2,,,,,,,,,,,,,,,,,,,,,,,,,,,,,,,,,,,,2355,North Texas Pollen Station,Flower Mound,TX,75022,US
1/8/2021,,,,,,,,,,,,,9,,,,,,,,,,,,,,,,,,,,,,,,,,607,North Texas Pollen Station,Flower Mound,TX,75022,US
7/7/2021,,,,,,,,,,,,,,,,,,,,,,,,,,,,,,,,,,,,,,,2327,North Texas Pollen Station,Flower Mound,TX,75022,US
6/21/2023,,,,,,,,,,,,,,2,,,,4,,,,,,,,,,,,,,,,,,,,,3414,North Texas Pollen Station,Flower Mound,TX,75022,US
9/8/2021,,,119,,,,,,,,9,,,,,,,,,,,,,,,,,,,,,,,,,6,,,3490,North Texas Pollen Station,Flower Mound,TX,75022,US
1/18/2022,,,,,,2,,,,,,,143,,,,,,,,,,,,,,,,,,,,,,,,,,1941,North Texas Pollen Station,Flower Mound,TX,75022,US
12/6/2023,,,,,,2,,,,,,,4,,,,,,,,,,,,,,,,,,,,,,,,,,1945,North Texas Pollen Station,Flower Mound,TX,75022,US
6/5/2023,,,,,,,,,,,2,,,,,,,17,,,,,,,,,,,,,,,,,,,,,2121,North Texas Pollen Station,Flower Mound,TX,75022,US
5/13/2023,,,,,,,,,2,,,,1,,,,,24,,,,,,,,,,,,,,,6,,,,,,2197,North Texas Pollen Station,Flower Mound,TX,75022,US
12/11/2022,,,,,,,,,,,,,2,,,,,,,,,,,,,,,,,,,,,,,,,,2129,North Texas Pollen Station,Flower Mound,TX,75022,US
11/26/2021,,,,,,,,,,,,,,,,,,,,,,,,,,,,,,,,,,,,,,,1081,North Texas Pollen Station,Flower Mound,TX,75022,US
9/29/2021,,,361,,,,,,,,,,,,,,,,,,,,,,,,,,,,,,,,,2777,,,1766,North Texas Pollen Station,Flower Mound,TX,75022,US
3/8/2023,,,,,,,,,,23,,,24,,,,73,26,,,,272,,,,,11,,,37,,299,,,,,,,2310,North Texas Pollen Station,Flower Mound,TX,75022,US
9/15/2023,,,26,,,,,,,,,,,,,,,1,,,,,,,,,,,,,,,,,,,,,3265,North Texas Pollen Station,Flower Mound,TX,75022,US
1/25/2022,,,,,,,,,,,,,11,,,,,,,,,,,,,,,,,,,,,,,,,,1491,North Texas Pollen Station,Flower Mound,TX,75022,US
7/13/2022,,,,,,2,,,,,,,,,,,,,,,,,,,,,,,,,,,,,,,,,1452,North Texas Pollen Station,Flower Mound,TX,75022,US
11/22/2023,,,4,,,,,,,,,,,,,,,,,,,,,,,,,,,,,,,,,2,,,2377,North Texas Pollen Station,Flower Mound,TX,75022,US
1/22/2022,,,,,,,,,,,,,11,,,,,,,,,,,,,,,,,,,,,,,,,,1037,North Texas Pollen Station,Flower Mound,TX,75022,US
10/26/2021,,,32,,,,,,,,2,,333,,,,,9,,,,,,,,,,,,,,,,,,,,,2336,North Texas Pollen Station,Flower Mound,TX,75022,US
12/14/2021,,,4,,,,,,,,,,2,,,,,,,,,,,,,,,,,,,,,,,,,,949,North Texas Pollen Station,Flower Mound,TX,75022,US
12/12/2022,,,,,,,,,,,,,,,,,,,,,,,,,,,,,,,,,,,,,,,2161,North Texas Pollen Station,Flower Mound,TX,75022,US
4/5/2023,,,,,,,,,,9,,,35,4,,,45,5,2,,,26,,,,,9,,13,4,,689,4,28,,,,,2675,North Texas Pollen Station,Flower Mound,TX,75022,US
6/5/2021,,,,,,,,,2,,,,,,,,,9,,,,,,,,,,,,,,,,,,,,,1640,North Texas Pollen Station,Flower Mound,TX,75022,US
9/17/2022,,,43,,,,,,,,2,,,2,,,,13,,,,,,,,,,,,,,,,,,934,,,2565,North Texas Pollen Station,Flower Mound,TX,75022,US
10/25/2021,,,30,,,,,,,,2,,149,2,,,,,,,,,,,,,,,,,,,,,,6,,,2850,North Texas Pollen Station,Flower Mound,TX,75022,US
1/2/2021,,,,,,,,,,,,,,,,,,,,,,,,,,,,,,,,,,,,,,,629,North Texas Pollen Station,Flower Mound,TX,75022,US
4/22/2023,,,,,,,63,,22,,,,9,,,,15,17,13,,,,,,,,,,,,,37,10,,,,,,1992,North Texas Pollen Station,Flower Mound,TX,75022,US
6/10/2023,,,,,,2,,,,,,,,,,,,17,,,,,,,,,2,,,,,,,,,,,,6023,North Texas Pollen Station,Flower Mound,TX,75022,US
6/16/2022,,,,,,,,,,,,,,,,,,,,,,,,,,,,,,,,,,,,,,,1941,North Texas Pollen Station,Flower Mound,TX,75022,US
4/23/2023,,,,,,,28,,11,,,,,,,,2,4,,,,,,,,,,,,,,18,3,6,,,,,1941,North Texas Pollen Station,Flower Mound,TX,75022,US
9/26/2023,,,157,,,,,,,,3,,,,,,,6,,,,,,,,,,,,,,,,,,158,,,2351,North Texas Pollen Station,Flower Mound,TX,75022,US
7/6/2021,,,,,,,,,,,,,,,,,,9,,,,,,,,,,,,,,,,,,,,,1750,North Texas Pollen Station,Flower Mound,TX,75022,US
10/8/2023,,,40,,,,,,,,,,,,,,,,,,,,,,,,,,,,,,,,,4,,,2165,North Texas Pollen Station,Flower Mound,TX,75022,US
3/9/2023,,,,,,,,,,26,,,6,,,,63,3,,,9,173,,,,,140,,,,,233,,,,,,,1938,North Texas Pollen Station,Flower Mound,TX,75022,US
10/5/2021,,,52,,,,,,,,,,,,,,,,,,,,,,,,,,,,,,,,,54,,,1735,North Texas Pollen Station,Flower Mound,TX,75022,US
7/2/2023,,,,,,,,,,,,,,,,,,4,,,,,,,,,,,,,,,,,,,,,2937,North Texas Pollen Station,Flower Mound,TX,75022,US
2/20/2022,,,,,,,,,,,,,421,,,,,,,,,,,,,,9,,,,,,,,,71,,,2550,North Texas Pollen Station,Flower Mound,TX,75022,US
1/24/2021,,,,,,,,,,,,,28,,,,,,,,,,,,,,,,,,,,,,,4,,,815,North Texas Pollen Station,Flower Mound,TX,75022,US
3/5/2022,,,,,,,,,,,,,977,,,,,,,,,,,,,,11,,,,,,,,,566,,,1837,North Texas Pollen Station,Flower Mound,TX,75022,US
4/14/2022,17,,,,,,,,,22,,,35,4,,,58,15,4,,,54,,,,,4,,41,,,2131,9,52,,,,,2485,North Texas Pollen Station,Flower Mound,TX,75022,US
1/21/2023,,,,,,1,,,,,,,86,,,,,,,,,,,,,,,,,,,,,,,39,,,2042,North Texas Pollen Station,Flower Mound,TX,75022,US
11/20/2023,,,,,,,,,,,,,9,,,,,1,,,,,,,,,,,,,,,,,,,,,3484,North Texas Pollen Station,Flower Mound,TX,75022,US
7/18/2023,,,,,,,,,,,,,,,,,,,,,,,,,,,,,,,,,,,,,,,1977,North Texas Pollen Station,Flower Mound,TX,75022,US
8/20/2021,,,,,,,,,,,,,,,,,,2,,,,,,,,,,,,,,,,,,,,,4322,North Texas Pollen Station,Flower Mound,TX,75022,US
3/18/2022,,,,,,,,,,,26,,290,,,,9,,,,,,,,,,2,,,,,6,,,,78,,,1729,North Texas Pollen Station,Flower Mound,TX,75022,US
9/30/2021,,,504,,,,,,,,2,,,,,,,6,,,,,,,,,,,,,,,,,,813,,,1729,North Texas Pollen Station,Flower Mound,TX,75022,US
6/28/2022,,,,,,,,,,,2,,,,,,,4,,,,,,,,,,,,,,,,,,,,,1891,North Texas Pollen Station,Flower Mound,TX,75022,US
3/20/2022,,,,,,,,,,,,,91,,,,6,,,,,,,,,,,,,,,4,,,,56,,,1469,North Texas Pollen Station,Flower Mound,TX,75022,US
12/11/2023,,,,,,2,,,,,,,2,,,,,,,,,,,,,,,,,,,,,,,,,,2018,North Texas Pollen Station,Flower Mound,TX,75022,US
7/28/2022,,,,,,,,,,,,,,,,,,,,,,,,,,,,,,,,,,,,,,,1755,North Texas Pollen Station,Flower Mound,TX,75022,US
11/14/2023,,,4,,,,,,,,,,2,,,,,,,,,,,,,,,,,,,,,,,,,,2001,North Texas Pollen Station,Flower Mound,TX,75022,US
1/24/2023,,,,,,,,,,,,,22,,,,,,,,,,,,,,,,,,,,,,,15,,,1513,North Texas Pollen Station,Flower Mound,TX,75022,US
3/9/2022,,,,,,,,,,,,,50,,,,,,,,,,,,,,,,,,,,,,,26,,,648,North Texas Pollen Station,Flower Mound,TX,75022,US
4/30/2021,,,,,,,,,15,,,,,,,,39,19,9,,,84,,4,,,6,,,,,82,9,6,,,,,3455,North Texas Pollen Station,Flower Mound,TX,75022,US
8/14/2022,,,,,,,,,,,,,,,,,,2,,,,,,,,,,,,,,,,,,,,,2485,North Texas Pollen Station,Flower Mound,TX,75022,US
12/27/2022,,,,,,,,,,,,,,,,,,,,,,,,,,,,,,,,,,,,,,,521,North Texas Pollen Station,Flower Mound,TX,75022,US
2/11/2023,,,,,,,,,,,,,11,,,,,,,,,,,,,,,,,,,,,,,13,,,1294,North Texas Pollen Station,Flower Mound,TX,75022,US
3/23/2022,,,,,,,,,,,,,171,,,,,,,,2,,,,,,,,,2,,,,,,19,,,2118,North Texas Pollen Station,Flower Mound,TX,75022,US
12/24/2023,,,,,,,,,,,,,13,,,,,,,,,,,,,,,,,,,,,,,,,,1297,North Texas Pollen Station,Flower Mound,TX,75022,US
12/3/2023,,,4,,,,,,,,,,6,,,,,,,,,,,,,,,,,,,,,,,,,,1491,North Texas Pollen Station,Flower Mound,TX,75022,US
8/16/2021,,,,,,,,,,,,,,,,,,,,,,,,,,,,,,,,,,,,,,,1210,North Texas Pollen Station,Flower Mound,TX,75022,US
12/7/2022,,,,,,,,,,,,,9,,,,,,,,,,,,,,,,,,,,,,,,,,2615,North Texas Pollen Station,Flower Mound,TX,75022,US
1/28/2023,,,,,,,,,,,,,454,,,,,2,,,,,,,,,,,,,,,2,,,13,,,1705,North Texas Pollen Station,Flower Mound,TX,75022,US
12/9/2021,,,,,,,,,,,,,13,,,,,,,,,,,,,,,,,,,,,,,,,,1059,North Texas Pollen Station,Flower Mound,TX,75022,US
12/27/2023,,,,,,,,,,,,,22,,,,,,,,,,,,,,,,,,,,,,,,,,1485,North Texas Pollen Station,Flower Mound,TX,75022,US
8/22/2023,,,2,,,,,,,,,,,,,,,,,,,,,,,,,,,,,,,,,,,,1750,North Texas Pollen Station,Flower Mound,TX,75022,US
2/23/2023,,,,,,,,,,,,,379,,,,3,,,,,,,,,,2,,,,,,,,,160,,,2090,North Texas Pollen Station,Flower Mound,TX,75022,US
4/25/2021,,,,,,,,,13,,,,2,,,,6,,,,,28,,2,,,6,,,,,41,4,13,,,,,1798,North Texas Pollen Station,Flower Mound,TX,75022,US
5/18/2023,,,,,,,2,,,,,,,,,,,44,,,,,,,,,,,,,,,,,,,,,1945,North Texas Pollen Station,Flower Mound,TX,75022,US
6/22/2023,,,,,,,,,,,,,,,,,,2,,,,,,,,,9,,,,,,,,,,,,3064,North Texas Pollen Station,Flower Mound,TX,75022,US
3/17/2023,17,,,,,,1,,,26,,,28,,,,52,,2,,,9,,,,,22,,17,11,,763,,15,,,,,2466,North Texas Pollen Station,Flower Mound,TX,75022,US
6/20/2023,,,,,,,,,,,,,,,,,,13,,,,,,,,,2,,,,,,,,,,,,3701,North Texas Pollen Station,Flower Mound,TX,75022,US
6/18/2023,,,,,,,,,,,1,,,,,,,6,,,,,,,,,15,,,,,,,,,,,,4287,North Texas Pollen Station,Flower Mound,TX,75022,US
7/16/2021,,,,,2,,,,,,,,,,,,,6,,,,,,,,,,,,,,,,,,,,,1938,North Texas Pollen Station,Flower Mound,TX,75022,US
11/9/2021,,,2,,,,,,,,2,,,,,,,6,,,,,,,,,,,,,,,,,,,,,1297,North Texas Pollen Station,Flower Mound,TX,75022,US
2/24/2021,,,4,,,,,,,,,,2293,,,,,,,,,,,,,,,,,,,,,,,11,,,2539,North Texas Pollen Station,Flower Mound,TX,75022,US
11/16/2023,,,1,,,,,,,,,,,,,,,,,,,,,,,,,,,,,,,,,,,,1673,North Texas Pollen Station,Flower Mound,TX,75022,US
7/13/2023,,,,,,1,,,,,,,,,,,,1,,,,,,,,,,,,,,,,,,,,,2377,North Texas Pollen Station,Flower Mound,TX,75022,US
4/18/2022,19,,,,,,,,4,22,,,63,3,,,117,13,6,,,56,,,,,32,,28,2,,1286,6,9,,,,,2323,North Texas Pollen Station,Flower Mound,TX,75022,US
6/9/2023,,,,,,2,,,,,,,,,,,,,,,,,,,,,4,,,,,4,,,,,,,1995,North Texas Pollen Station,Flower Mound,TX,75022,US
3/13/2023,,,,,,,,,,13,,,18,,,,35,3,,,7,27,,,,,32,,2,4,,198,,,,6,,,1729,North Texas Pollen Station,Flower Mound,TX,75022,US
5/8/2023,,,,,,,2,,13,,,,,,,,,34,,,,,,,,,3,,,,,,9,,,,,,2122,North Texas Pollen Station,Flower Mound,TX,75022,US
10/13/2022,,,65,,,,,,,,4,,6,,,,,15,,,,,,,,,,,,,,,,,,37,,,4095,North Texas Pollen Station,Flower Mound,TX,75022,US
9/25/2022,,,175,,,,,,,,6,,,,,,,28,,,,,,,,,,,,,,,,,,22,,,2159,North Texas Pollen Station,Flower Mound,TX,75022,US
8/15/2022,,,,,,,,,,,2,,,,,,,,,,,,,,,,,,,,,,,,,,,,2334,North Texas Pollen Station,Flower Mound,TX,75022,US
2/12/2023,,,,,,,,,,,,,43,,,,,,,,,,,,,,,,,,,,,,,35,,,2809,North Texas Pollen Station,Flower Mound,TX,75022,US
11/8/2021,,,4,,,,,,,,,,2,,,,,4,,,,,,,,,,,,,,,,,,,,,1081,North Texas Pollen Station,Flower Mound,TX,75022,US
2/5/2021,,,,,,,,,,,,,17,,,,,,,,,,,,,,,,,,,,,,,19,,,1016,North Texas Pollen Station,Flower Mound,TX,75022,US
4/13/2023,,,,,,,,,17,41,,,6,3,,,2,4,4,,,,,,,,9,,,,,44,12,10,,,,,1729,North Texas Pollen Station,Flower Mound,TX,75022,US
8/3/2022,,,,,,,,,,,,,,,,,,,,,,,,,,,,,,,,,,,,,,,1081,North Texas Pollen Station,Flower Mound,TX,75022,US
1/27/2023,,,,,,,,,,,,,28,,,,,2,,,,,,,,,,,,,,,,,,5,,,1755,North Texas Pollen Station,Flower Mound,TX,75022,US
11/14/2021,,,6,,,,,,,,2,,76,,,,,6,,,,,,,,,,,,,,,,,,,,,2531,North Texas Pollen Station,Flower Mound,TX,75022,US
11/28/2021,,,2,,,,,,,,,,6,,,,,,,,,,,,,,,,,,,,,,,,,,1122,North Texas Pollen Station,Flower Mound,TX,75022,US
5/3/2022,,,,,,,,,9,39,,,,,,,,13,,,,,,,,,11,,,,,17,2,,,,,,4322,North Texas Pollen Station,Flower Mound,TX,75022,US
1/7/2021,,,,,,,,,,,2,,398,,,,,,,,,,,,,,,,,,,,,,,,,,1139,North Texas Pollen Station,Flower Mound,TX,75022,US
6/23/2022,,,,,,2,,,,,,,,,,,,4,,,,,,,,,,,,,,,,,,,,,2379,North Texas Pollen Station,Flower Mound,TX,75022,US
9/17/2021,,,117,,,,,,,,-1,,,,,,,,,,,,,,,,,,,,,,,,,13,,,,North Texas Pollen Station,Flower Mound,TX,75022,US
12/1/2021,,,,,,,,,,,,,17,,,,,,,,,,,,,,,,,,,,,,,,,,1420,North Texas Pollen Station,Flower Mound,TX,75022,US
3/21/2023,136,,,,,,,,,22,,,2,,,,34,5,,,1,12,,,,,6,,2,4,,845,13,45,,,,,1720,North Texas Pollen Station,Flower Mound,TX,75022,US
4/12/2021,13,,,,,,,,,6,2,,22,,,,80,13,2,,,52,,4,,,4,,,,,754,17,43,,,,,2172,North Texas Pollen Station,Flower Mound,TX,75022,US
6/29/2023,,,,,,,,,,,4,,,,,,,,,,,,,,,,9,,,,,,,,,,,,4482,North Texas Pollen Station,Flower Mound,TX,75022,US
7/27/2022,,,,,,,,,,,,,,,,,,,,,,,,,,,,,,,,,,,,,,,1969,North Texas Pollen Station,Flower Mound,TX,75022,US
1/4/2022,,,,,,,,,,,,,916,,,,,,,,,,,,,,,,,,,,,,,,,,1729,North Texas Pollen Station,Flower Mound,TX,75022,US
12/20/2021,,,,,,,,,,,,,2,,,,,,,,,,,,,,,,,,,,,,,,,,1469,North Texas Pollen Station,Flower Mound,TX,75022,US
4/18/2021,,,,,,,,,,2,,,,,,,50,9,,,,67,,2,,,,,2,,,233,2,11,,,,,1770,North Texas Pollen Station,Flower Mound,TX,75022,US
1/10/2022,,,2,,,,,,,,,,9,,,,,,,,,,,,,,,,,,,,,,,,,,1513,North Texas Pollen Station,Flower Mound,TX,75022,US
8/26/2022,,,,,,2,,,,,,,,,,,,,,,,,,,,,,,,,,,,,,153,,,3350,North Texas Pollen Station,Flower Mound,TX,75022,US
12/2/2023,,,2,,,,,,,,,,,,,,,,,,,,,,,,,,,,,,,,,,,,1307,North Texas Pollen Station,Flower Mound,TX,75022,US
10/30/2023,,,,,,,,,,,,,,,,,,1,,,,,,,,,,,,,,,,,,,,,864,North Texas Pollen Station,Flower Mound,TX,75022,US
9/9/2022,,,37,,,,,,,,4,,,,,,,4,,,,,,,,,,,,,,,,,,28,,,2870,North Texas Pollen Station,Flower Mound,TX,75022,US
2/3/2022,,,,,,4,,,,,,,9,,,,,,,,,,,,,,,,,,,,,,,2,,,1081,North Texas Pollen Station,Flower Mound,TX,75022,US
8/2/2022,,,,,,,,,,,,,,,,,,2,,,,,,,,,,,,,,,,,,,,,1189,North Texas Pollen Station,Flower Mound,TX,75022,US
6/8/2023,,,,,,,,,,,,,,,,,,3,,,,,,,,,,,,,,,,,,,,,2403,North Texas Pollen Station,Flower Mound,TX,75022,US
12/5/2023,,,,,,,,,,,,,,,,,,,,,,,,,,,1,,,,,,,,,,,,1513,North Texas Pollen Station,Flower Mound,TX,75022,US
11/7/2021,,,2,,,,,,,,,,,,,,,2,,,,,,,,,,,,,,,,,,2,,,1275,North Texas Pollen Station,Flower Mound,TX,75022,US
11/15/2023,,,3,,,,,,,,,,1,,,,,,,,,,,,,,,,,,,,,,,4,,,2403,North Texas Pollen Station,Flower Mound,TX,75022,US
8/3/2021,,,2,,,,,,,,,,,,,,,6,,,,,,,,,,,,,,,,,,,,,4754,North Texas Pollen Station,Flower Mound,TX,75022,US
11/17/2022,,,6,,,,,,,,,,,,,,,,,,,,,,,,,,,,,,,,,,,,1727,North Texas Pollen Station,Flower Mound,TX,75022,US
11/25/2021,,,,,,,,,,,,,4,,,,,,,,,,,,,,,,,,,,,,,2,,,844,North Texas Pollen Station,Flower Mound,TX,75022,US
4/21/2021,,,,,,,,,2,2,2,,4,,,,63,6,,,,39,,2,,,4,,,,,419,,13,,,,,1584,North Texas Pollen Station,Flower Mound,TX,75022,US
11/25/2022,,,,,,,,,,,,,,,,,,,,,,,,,,,,,,,,,,,,,,,1137,North Texas Pollen Station,Flower Mound,TX,75022,US
10/14/2022,,,43,,,,,,,,6,,4,2,,,,11,,,,,,,,,,,,,,,,,,26,,,3073,North Texas Pollen Station,Flower Mound,TX,75022,US
2/26/2021,,,2,,,,,,,,,,73,,,,,2,,,,,,,,,,,,,,,,,,4,,,1279,North Texas Pollen Station,Flower Mound,TX,75022,US
12/24/2022,,,,,,,,,,,,,,,,,,,,,,,,,,,,,,,,,,,,,,,648,North Texas Pollen Station,Flower Mound,TX,75022,US
3/5/2023,,,,,,,,,,32,,,17,,,,177,2,,,19,391,,,,,11,,,50,,104,,5,,48,,,2690,North Texas Pollen Station,Flower Mound,TX,75022,US
10/17/2022,,,9,,,,,,,,4,,,,,,,4,,,,,,,,,,,,,,,,,,15,,,1874,North Texas Pollen Station,Flower Mound,TX,75022,US
10/12/2021,,,132,,,,,,,,2,,,,,,,2,,,,,,,,,,,,,,,,,,39,,,6483,North Texas Pollen Station,Flower Mound,TX,75022,US
1/21/2022,,,,,,2,,,,,,,28,,,,,,,,,,,,,,,,,,,,,,,,,,1513,North Texas Pollen Station,Flower Mound,TX,75022,US
7/23/2021,,,,,,,,,,,2,,,,,,,6,,,,,,,,,,,,,,,,,,,,,2299,North Texas Pollen Station,Flower Mound,TX,75022,US
4/23/2022,,,,,,,,,9,9,,,,6,,,4,30,,,,,,,,,,,32,,,205,4,,,,,,2377,North Texas Pollen Station,Flower Mound,TX,75022,US
7/2/2021,,,,,,,,,,,,,,,,,,,,,,,,,,,,,,,,,,,,,,,1735,North Texas Pollen Station,Flower Mound,TX,75022,US
6/7/2022,,,,,,,,,,,2,,,,,,,13,,,,,,,,,4,,,,,,,,,,,,2831,North Texas Pollen Station,Flower Mound,TX,75022,US
3/27/2021,22,,,,,,11,,,488,,,6,,,,339,26,,,17,998,,2,,,132,,43,11,,1865,,9,,,,,2135,North Texas Pollen Station,Flower Mound,TX,75022,US
9/24/2022,,,127,,,,,,,,2,,,2,,,,13,,,,,,,,,,,,,,,2,,,32,,,2213,North Texas Pollen Station,Flower Mound,TX,75022,US
9/26/2021,,,361,,,,,,,,4,,,,,,,2,,,,,,,,,,,,,,,,,,4,,,2377,North Texas Pollen Station,Flower Mound,TX,75022,US
9/23/2021,,,341,,,,,,,,11,,,,,,,4,,,,,,,,,,,,,,,,,,11,,,1690,North Texas Pollen Station,Flower Mound,TX,75022,US
9/2/2023,,,11,,,,,,,,,,,,,,,,,,,,,,,,,,,,,,,,,,,,3721,North Texas Pollen Station,Flower Mound,TX,75022,US
2/15/2021,,,,,,,,,,,,,15,,,,,,,,,,,,,,,,,,,,,,,9,,,905,North Texas Pollen Station,Flower Mound,TX,75022,US
8/25/2023,,,1,,,,,,,,,,,1,,,,,,,,,,,,,,,,,,,,,,,,,1530,North Texas Pollen Station,Flower Mound,TX,75022,US
2/10/2022,,,,,,2,,,,,,,102,,,,,,,,,,,,,,,,,,,,,,,2,,,3890,North Texas Pollen Station,Flower Mound,TX,75022,US
4/21/2023,,,,,,4,77,,41,,,,21,8,,,10,25,12,,,,,,,,,,,,,78,12,,,,,,2569,North Texas Pollen Station,Flower Mound,TX,75022,US
2/17/2023,,,,,,,,,,,,,78,,,,,,,,,,,,,,,,,,,,,,,39,,,2213,North Texas Pollen Station,Flower Mound,TX,75022,US
6/10/2022,,,,,,,,,,,,,17,,,,,13,,,,,,,,,9,,,,,,,,,,,,2377,North Texas Pollen Station,Flower Mound,TX,75022,US
8/21/2022,,,,,,,,,,,,,,,,,,2,,,,,,,,,,,,,,,,,,,,,2353,North Texas Pollen Station,Flower Mound,TX,75022,US
8/6/2023,,,,,,,,,,,,,,,,,,,,,,,,,,,,,,,,,,,,,,,1513,North Texas Pollen Station,Flower Mound,TX,75022,US
3/19/2022,,,,,,,,,,,,,198,,,,,,,,,,,,,,,,,,,,,,,80,,,1707,North Texas Pollen Station,Flower Mound,TX,75022,US
6/4/2023,,,,,,,,,,,1,,,,,,,6,,,,,,,,,2,,,,,,,,,,,,1945,North Texas Pollen Station,Flower Mound,TX,75022,US
6/29/2021,,,,,,,,,,,,,,,,,,,,,,,,,,,,,,,,,,,,,,,2913,North Texas Pollen Station,Flower Mound,TX,75022,US
5/7/2023,,,,,,,5,,11,,,,,,,,,54,2,,,,,,,,11,,,,,,5,,,,,,2304,North Texas Pollen Station,Flower Mound,TX,75022,US
6/5/2022,,,,,,,,,,,,,,,,,,6,,,,,,,,,6,,,,,,,,,,,,2593,North Texas Pollen Station,Flower Mound,TX,75022,US
8/7/2023,,,2,,,,,,,,2,,,,,,,2,,,,,,,,,,,,,,,,,,6,,,1703,North Texas Pollen Station,Flower Mound,TX,75022,US
5/22/2021,,,,,,,,,6,,,,,,,,,54,,,,,,,,,,,,,,,,,,,,,1928,North Texas Pollen Station,Flower Mound,TX,75022,US
12/22/2023,,,,,,,,,,,,,3,,,,,,,,,,,,,,,,,,,,,,,,,,2336,North Texas Pollen Station,Flower Mound,TX,75022,US
11/23/2022,,,,,,,,,,,,,,,,,,,,,,,,,,,,,,,,,,,,,,,1482,North Texas Pollen Station,Flower Mound,TX,75022,US
7/31/2022,,,,,,,,,,,2,,,,,,,4,,,,,,,,,,,,,,,,,,,,,1729,North Texas Pollen Station,Flower Mound,TX,75022,US
6/26/2021,,,,,6,,,,,,,,,2,,,,19,,,,,,,,,,,,,,,,,,,,,1971,North Texas Pollen Station,Flower Mound,TX,75022,US
9/27/2022,,,145,,,,,,,,6,,,,,,,4,,,,,,,,,,,,,,,,,,6,,,3242,North Texas Pollen Station,Flower Mound,TX,75022,US
12/30/2022,,,,,,,,,,,,,11,,,,,,,,,,,,,,,,,,,,,,,,,,1135,North Texas Pollen Station,Flower Mound,TX,75022,US
6/11/2022,,,,,,,,,,,,,2,,,,,6,,,,,,,,,,,,,,,,,,,,,1945,North Texas Pollen Station,Flower Mound,TX,75022,US
11/21/2021,,,2,,,,,,,,,,11,,,,,,,,,,,,,,,,,,,,,,,2,,,2161,North Texas Pollen Station,Flower Mound,TX,75022,US
7/4/2023,,,,,,,,,,,,,,,,,,1,,,,,,,,,,,,,,,,,,,,,2777,North Texas Pollen Station,Flower Mound,TX,75022,US
4/28/2023,,,,,,1,48,,52,,,,1,,,,,24,,,,,,,,,,,,,,28,11,,,,,,2129,North Texas Pollen Station,Flower Mound,TX,75022,US
10/4/2023,,,160,,,,,,,,,,,,,,,6,,,,,,,,,,,,,,,,,,19,,,1949,North Texas Pollen Station,Flower Mound,TX,75022,US
12/8/2021,,,,,,,,,,,,,2,,,,,,,,,,,,,,,,,,,,,,,,,,1297,North Texas Pollen Station,Flower Mound,TX,75022,US
4/8/2021,,,,,,,15,,,37,,,24,,,,71,4,,,,127,,,,,4,,6,2,,2299,,9,,2,,,1394,North Texas Pollen Station,Flower Mound,TX,75022,US
11/12/2021,,,6,,,,,,,,,,56,,,,,2,,,,,,,,,,,,,,,,,,,,,1556,North Texas Pollen Station,Flower Mound,TX,75022,US
4/4/2021,9,,,,,,6,,,19,,,6,,,,82,6,,,,76,,,,,4,,2,,,3557,,2,,,,,1085,North Texas Pollen Station,Flower Mound,TX,75022,US
4/17/2023,,,,,,,31,,32,,,,14,4,,,,6,,,,,,,,,,,,,,65,,12,,,,,2159,North Texas Pollen Station,Flower Mound,TX,75022,US
5/14/2021,,,,,,,,,48,,,,,,,,,149,,,,2,,,,,,,,,,,11,,,,,,2384,North Texas Pollen Station,Flower Mound,TX,75022,US
7/17/2023,,,,,,,,,,,,,,,,,,,,,,,,,,,2,,,,,,,,,,,,2193,North Texas Pollen Station,Flower Mound,TX,75022,US
4/7/2021,11,,,,,,26,,,37,,,30,,,,169,6,,,2,160,,,,,11,,11,,,4326,6,69,,,,,1623,North Texas Pollen Station,Flower Mound,TX,75022,US
2/25/2022,,,,,,,,,,,,,15,,,,,,,,,,,,,,,,,,,,,,,13,,,806,North Texas Pollen Station,Flower Mound,TX,75022,US
11/29/2021,,,2,,,,,,,,,,2,,,,,,,,,,,,,,,,,,,,,,,,,,1057,North Texas Pollen Station,Flower Mound,TX,75022,US
10/30/2022,,,17,,,,,,,,,,,,,,,,,,,,,,,,,,,,,,,,,,,,3458,North Texas Pollen Station,Flower Mound,TX,75022,US
4/9/2023,,,,,,,,,,,,,2,4,,,53,9,2,,,6,,,,,13,,30,,,96,6,24,,,,,1707,North Texas Pollen Station,Flower Mound,TX,75022,US
6/9/2021,,,,,,,,,,,2,,,,,,,9,,,,,,,,,,,,,,,2,,,,,,1964,North Texas Pollen Station,Flower Mound,TX,75022,US
1/19/2022,,,,,,2,,,,,,,908,,,,,,,,,,,,,,,,,,,,,,,,,,2485,North Texas Pollen Station,Flower Mound,TX,75022,US
10/4/2021,,,99,,,,,,,,6,,,,,,,9,,,,,,,,,,,,,,,,,,56,,,5798,North Texas Pollen Station,Flower Mound,TX,75022,US
9/16/2021,,,145,,,,,,,,,,,,,,,2,,,,,,,,,,,,,,,,,,,,,2615,North Texas Pollen Station,Flower Mound,TX,75022,US
3/5/2021,,,,,,,,,,,,,1662,,,,,,,,,,,,,,,,,,,,,,,56,,,1908,North Texas Pollen Station,Flower Mound,TX,75022,US
4/22/2021,,,,,,,,,2,,,,4,,,,39,9,,,,30,,,,,6,,,,,35,4,4,,,,,1320,North Texas Pollen Station,Flower Mound,TX,75022,US
9/14/2021,,,108,,,,,,,,4,,,,,,,,,,,,,,,,,,,,,,2,,,9,,,2096,North Texas Pollen Station,Flower Mound,TX,75022,US
6/3/2023,,,,,,4,,,,,,,,,,,,27,,,,,,,,,2,,,,,,2,,,,,,2183,North Texas Pollen Station,Flower Mound,TX,75022,US
7/18/2022,,,,,,,,,,,,,,,,,,,,,,,,,,,,,,,,,,,,,,,1621,North Texas Pollen Station,Flower Mound,TX,75022,US
5/16/2023,,,,,,,6,,9,,,,,,,,,37,,,,,,,,,,,,,,,6,,,,,,4365,North Texas Pollen Station,Flower Mound,TX,75022,US
8/29/2021,,,2,,,,,,,,,,2,,,,,4,,,,,,,,,,,,,,,,,,13,,,1858,North Texas Pollen Station,Flower Mound,TX,75022,US
3/2/2021,,,,,,,,,,,,,333,,,,,,,,,,,,,,,,,,,,,,,35,,,1113,North Texas Pollen Station,Flower Mound,TX,75022,US
1/3/2023,,,,,,,,,,,,,1869,,,,,,,,,,,,,,2,,,,,,,,,,,,1943,North Texas Pollen Station,Flower Mound,TX,75022,US
4/21/2022,,,,,,,,,4,4,,,,,,,22,22,2,,,6,,,,,6,,17,,,635,4,11,,,,,3717,North Texas Pollen Station,Flower Mound,TX,75022,US
12/28/2021,,,,,,,,,,,,,4264,,,,,,,,,,,,,,,,,,,,,,,,,,1260,North Texas Pollen Station,Flower Mound,TX,75022,US
10/22/2022,,,22,,,,,,,,2,,4,,,,,9,,,,,,,,,,,,,,,,,,,,,2381,North Texas Pollen Station,Flower Mound,TX,75022,US
12/12/2021,,,2,,,,,,,,,,6,,,,,,,,,,,,,,,,,,,,,,,,,,806,North Texas Pollen Station,Flower Mound,TX,75022,US
3/7/2022,,,,,,,,,,,,,614,,,,2,,,,,,,,,,2,,,,,,,,,58,,,1383,North Texas Pollen Station,Flower Mound,TX,75022,US
5/9/2023,,,,,,,,,2,,2,,,,,,,27,,,,,,,,,4,,,,,2,4,,,,,,2159,North Texas Pollen Station,Flower Mound,TX,75022,US
7/24/2022,,,,,,,,,,,,,,,,,,,,,,,,,,,,,,,,,,,,,,,1318,North Texas Pollen Station,Flower Mound,TX,75022,US
12/6/2022,,,,,,,,,,,,,39,,,,,,,,,,,,,,,,,,,,,,,,,,1941,North Texas Pollen Station,Flower Mound,TX,75022,US
8/5/2021,,,,,,,,,,,2,,,,,,,,,,,,,,,,,,,,,,,,,,,,6740,North Texas Pollen Station,Flower Mound,TX,75022,US
1/6/2023,,,,,,,,,,,,,71,,,,,,,,,,,,,,,,,,,,,,,2,,,1474,North Texas Pollen Station,Flower Mound,TX,75022,US
6/16/2023,,,,,,2,,,,,,,,2,,,,19,,,,,,,,,6,,,,,2,,,,,,,4320,North Texas Pollen Station,Flower Mound,TX,75022,US
5/30/2021,,,,,,,,,2,,,,,2,,,,56,,,,,,,,,,,,,,,,,,,,,2282,North Texas Pollen Station,Flower Mound,TX,75022,US
1/14/2023,,,,,,,,,,,,,97,,,,,,,,,,,,,,,,,,,,,,,2,,,1770,North Texas Pollen Station,Flower Mound,TX,75022,US
4/26/2023,,,,,,,30,,19,,,,,,,,2,9,,,,,,,,,3,,,,,17,12,,,,,,2308,North Texas Pollen Station,Flower Mound,TX,75022,US
6/6/2022,,,,,,,,,,,,,,2,,,,9,,,,,,,,,13,,,,,,,,,,,,2831,North Texas Pollen Station,Flower Mound,TX,75022,US
8/26/2023,,,2,,,,,,,,,,,,,,,,,,,,,,,,,,,,,,,,,,,,1465,North Texas Pollen Station,Flower Mound,TX,75022,US
11/5/2023,,,6,,,,,,,,,,2,,,,,8,,,,,,,,,,,,,,,,,,2,,,1729,North Texas Pollen Station,Flower Mound,TX,75022,US
7/22/2022,,,,,,,,,,,2,,,,,,,9,,,,,,,,,,,,,,,,,,,,,2857,North Texas Pollen Station,Flower Mound,TX,75022,US
4/23/2021,,,,,,,,,11,,,,6,,,,13,13,4,,,28,,,,,11,,,,,73,2,9,,,,,1018,North Texas Pollen Station,Flower Mound,TX,75022,US
12/19/2021,,,,,,,,,,,,,,,,,,,,,,,,,,,,,,,,,,,,,,,1941,North Texas Pollen Station,Flower Mound,TX,75022,US
6/17/2023,,,,,,,,,,,2,,,,,,,9,,,,,,,,,76,,,,,,2,,,,,,4938,North Texas Pollen Station,Flower Mound,TX,75022,US
6/22/2022,,,,,,,,,,,2,,,,,,,4,,,,,,,,,,,,,,,,,,,,,1755,North Texas Pollen Station,Flower Mound,TX,75022,US
3/12/2021,,,,,,,2,,,2,,,166,,,,4,2,,,,,,,,,11,,,6,,2,2,2,,4,,,1474,North Texas Pollen Station,Flower Mound,TX,75022,US
11/11/2021,,,,,,,,,,,,,15,,,,,,,,,,,,,,,,,,,,,,,,,,1513,North Texas Pollen Station,Flower Mound,TX,75022,US
8/24/2022,,,,,,,,,,,2,,,,,,,,,,,,,,,,,,,,,,,,,9,,,3458,North Texas Pollen Station,Flower Mound,TX,75022,US
9/20/2022,,,82,,,,,,,,4,,,2,,,,2,,,,,,,,,,,,,,,,,,102,,,2263,North Texas Pollen Station,Flower Mound,TX,75022,US
3/1/2021,,,2,,,,,,,,,,1530,,,,,,,,,,,,,,,,,,,,,,,73,,,1560,North Texas Pollen Station,Flower Mound,TX,75022,US
1/7/2022,,,,,,,,,,,,,39,,,,,,,,,,,,,,,,,,,,,,,,,,756,North Texas Pollen Station,Flower Mound,TX,75022,US
12/5/2022,,,,,,,,,,,,,17,,,,,,,,,,,,,,,,,,,,,,,,,,2105,North Texas Pollen Station,Flower Mound,TX,75022,US
9/1/2021,,,6,,,,,,,,13,,,,,,,4,,,,,,,,,,,,,,,,,,4,,,4050,North Texas Pollen Station,Flower Mound,TX,75022,US
6/15/2022,,,,,,,,,,,,,,,,,,11,,,,,,,,,,,,,,,,,,,,,2109,North Texas Pollen Station,Flower Mound,TX,75022,US
11/30/2022,,,,,,,,,,,2,,6,,,,,,,,,,,,,,,,,,,,,,,,,,2183,North Texas Pollen Station,Flower Mound,TX,75022,US
11/6/2021,,,2,,,,,,,,,,,,,,,2,,,,,,,,,,,,,,,,,,,,,1297,North Texas Pollen Station,Flower Mound,TX,75022,US
10/13/2023,,,230,,,,,,,,2,,,,,,,4,,,,,,,,,,,,,,,,,,538,,,3028,North Texas Pollen Station,Flower Mound,TX,75022,US
12/31/2021,,,,,,,,,,,,,,1891,,,,,,,,,,,,,,,,,,,,,,,,,1513,North Texas Pollen Station,Flower Mound,TX,75022,US
2/23/2021,,,,,,,,,,,,,765,,,,,,,,,,,,,,2,,,,,,,,,,,,2388,North Texas Pollen Station,Flower Mound,TX,75022,US
9/12/2021,,,30,,,,,,,,2,,,,,,,,,,,,,,,,,,,,,,,,,2,,,1837,North Texas Pollen Station,Flower Mound,TX,75022,US
4/17/2022,19,,,,,,4,,,17,,,4,6,,,52,6,4,,,80,,,,,6,,52,4,,1565,6,17,,,,,2485,North Texas Pollen Station,Flower Mound,TX,75022,US
7/17/2021,,,,,,,,,,,2,,,,,,,4,,,,,,,,,,,,,,,,,,,,,,North Texas Pollen Station,Flower Mound,TX,75022,US
9/15/2021,,,147,,,,,,,,6,,,,,,,,,,,,,,,,,,,,,,,,,2,,,2593,North Texas Pollen Station,Flower Mound,TX,75022,US
9/28/2021,,,281,,,,,,,,2,,,,,,,2,,,,,,,,,,,,,,,,,,2217,,,2157,North Texas Pollen Station,Flower Mound,TX,75022,US
3/26/2022,,,,,,,,,,17,,,37,,,,39,2,,,11,,,,,,4,,,,,171,,,,56,,,1988,North Texas Pollen Station,Flower Mound,TX,75022,US
11/1/2022,,,13,,,,,,,,,,2,,,,,4,,,,,,,,,,,,,,,,,,,,,2392,North Texas Pollen Station,Flower Mound,TX,75022,US
8/18/2021,,,2,,,,,,,,2,,,,,,,,,,,,,,,,,,,,,,,,,,,,3890,North Texas Pollen Station,Flower Mound,TX,75022,US
2/3/2023,,,,,,,,,,,,,6,,,,,,,,,,,,,,,,,,,,,,,3,,,979,North Texas Pollen Station,Flower Mound,TX,75022,US
4/3/2023,9,,,,,,,,,,,,,1,,,195,17,,,,49,,,,,7,,67,,,975,4,22,,,,,2036,North Texas Pollen Station,Flower Mound,TX,75022,US
2/21/2023,,,,,,,,,,,,,545,,,,,,,,,,,,,,6,,,,,,,,,895,,,1830,North Texas Pollen Station,Flower Mound,TX,75022,US
1/11/2022,,,,,,,,,,,,,9,,,,,,,,,,,,,,,,,,,,,,,,,,1318,North Texas Pollen Station,Flower Mound,TX,75022,US
5/14/2022,,,,,,,,,15,,,,,4,,,,28,,,,,,,,,,,,,,,4,,,2,,,2162,North Texas Pollen Station,Flower Mound,TX,75022,US
3/27/2022,,,,,,,2,,,41,,,24,,,,17,4,,,17,,,,,,9,,6,115,,350,2,,,9,,,2049,North Texas Pollen Station,Flower Mound,TX,75022,US
3/12/2022,,,,,,,,,,,,,15,,,,,,,,,,,,,,,,,4,,,,,,22,,,886,North Texas Pollen Station,Flower Mound,TX,75022,US
1/2/2023,,,,,,,,,,,,,942,,,,,,,,,,,,,,,,,,,,,,,,,,2604,North Texas Pollen Station,Flower Mound,TX,75022,US
4/5/2022,,,,,,,,,,184,,,54,,,,89,2,,,4,612,,,,,11,,19,28,,4216,,,,,,,2401,North Texas Pollen Station,Flower Mound,TX,75022,US
10/2/2022,,,91,,,,,,,,2,,,,,,,4,,,,,,,,,,,,,,,,,,,,,1990,North Texas Pollen Station,Flower Mound,TX,75022,US
5/3/2021,,,,,,,,,43,,,,,,,,2,69,,,,115,,,,,,,,,,2,4,,,,,,1779,North Texas Pollen Station,Flower Mound,TX,75022,US
11/17/2023,,,,,,,,,,,,,8,,,,,,,,,,,,,,,,,,,,,,,,,,1729,North Texas Pollen Station,Flower Mound,TX,75022,US
10/1/2021,,,112,,,,,,,,,,,,,,,,,,,,,,,,,,,,,,,,,287,,,1297,North Texas Pollen Station,Flower Mound,TX,75022,US
3/29/2023,4,,,,,,,,,58,,,2,2,,,63,9,,,2,13,,,,,11,,71,,,1190,,28,,,,,1900,North Texas Pollen Station,Flower Mound,TX,75022,US
2/12/2022,,,,,,,,,,,,,1102,,,,,,,,,,,,,,11,,,,,,,,,37,,,2139,North Texas Pollen Station,Flower Mound,TX,75022,US
2/5/2022,,,,,,,,,,,,,4,,,,,,,,,,,,,,2,,,,,,,,,,,,1253,North Texas Pollen Station,Flower Mound,TX,75022,US
8/12/2022,,,,,,,,,,,4,,,,,,,,,,,,,,,,,,,,,,,,,,,,3218,North Texas Pollen Station,Flower Mound,TX,75022,US
2/6/2022,,,,,,,,,,,,,2,,,,,,,,,,,,,,,,,,,,,,,,,,475,North Texas Pollen Station,Flower Mound,TX,75022,US
3/13/2021,6,,,,,,,,,13,,,102,,,,,2,2,,4,2,,2,,,177,,,108,,9,4,9,,6,,,1191,North Texas Pollen Station,Flower Mound,TX,75022,US
10/1/2023,,,149,,,,,,,,1,,,,,,,1,,,,,,,,,,,,,,,,,,19,,,4149,North Texas Pollen Station,Flower Mound,TX,75022,US
12/28/2022,,,,,,,,,,,,,,,,,,,,,,,,,,,,,,,,,,,,,,,631,North Texas Pollen Station,Flower Mound,TX,75022,US
11/5/2021,,,,,,,,,,,,,,,,,,,,,,,,,,,,,,,,,,,,,,,1150,North Texas Pollen Station,Flower Mound,TX,75022,US
6/24/2021,,,,,,,,,,,2,,,,,,,6,,,,,,,,,,,,,,,,,,,,,1621,North Texas Pollen Station,Flower Mound,TX,75022,US
9/10/2022,,,15,,,,,,,,2,,,,,,,4,,,,,,,,,,,,,,,,,,24,,,2798,North Texas Pollen Station,Flower Mound,TX,75022,US
1/23/2023,,,,,,,,,,,,,5,,,,,,,,,,,,,,,,,,,,,,,22,,,1081,North Texas Pollen Station,Flower Mound,TX,75022,US
7/10/2022,,,,,,,,,,,,,,,,,,4,,,,,,,,,,,,,,,,,,,,,2554,North Texas Pollen Station,Flower Mound,TX,75022,US
1/12/2023,,,,,,,,,,,,,843,,,,,,,,,,,,,,,,,,,,,,,2,,,2440,North Texas Pollen Station,Flower Mound,TX,75022,US
5/9/2021,,,,,,,,,54,,,,,,,,,149,,,,48,,,,,,,,,,,9,,,,,,2116,North Texas Pollen Station,Flower Mound,TX,75022,US
5/21/2022,,,,,,,,,,,,,2,,,,,24,,,,,,,,,,,,,,,,,,,,,1962,North Texas Pollen Station,Flower Mound,TX,75022,US
10/21/2023,,,84,,,,,,,,3,,,,,,,,,,,,,,,,,,,,,,,,,22,,,2263,North Texas Pollen Station,Flower Mound,TX,75022,US
8/18/2023,,,1,,,,,,,,4,,,,,,,,,,,,,,,,,,,,,,,,,,,,1444,North Texas Pollen Station,Flower Mound,TX,75022,US
9/17/2023,,,121,,,,,,,,,,,2,,,,,,,,,,,,,,,,,,,,,,151,,,7450,North Texas Pollen Station,Flower Mound,TX,75022,US
3/26/2021,17,,,,,,,,,257,,,,,,,261,6,,,15,534,,,,,95,,32,11,,1037,,9,,,,,2327,North Texas Pollen Station,Flower Mound,TX,75022,US
4/29/2021,,,,,,,,,9,,,,,,,,,41,,,,52,,,,,,,,,,32,2,,,,,,2902,North Texas Pollen Station,Flower Mound,TX,75022,US
12/15/2023,,,1,,,,,,,,,,,,,,,,,,,,,,,,,,,,,,,,,,,,1297,North Texas Pollen Station,Flower Mound,TX,75022,US
7/26/2021,,,,,,,,,,,6,,,,,,,9,,,,,,,,,,,,,,,,,,,,,1848,North Texas Pollen Station,Flower Mound,TX,75022,US
12/19/2022,,,,,,,,,,,,,,,,,,,,,,,,,,,,,,,,,,,,,,,1081,North Texas Pollen Station,Flower Mound,TX,75022,US
11/18/2021,,,6,,,,,,,,2,,39,,,,,4,,,,,,,,,,,,,,,,,,,,,1511,North Texas Pollen Station,Flower Mound,TX,75022,US
12/24/2021,,,,,,,,,,,,,3220,,,,,,,,,,,,,,,,,,,,,,,,,,1409,North Texas Pollen Station,Flower Mound,TX,75022,US
5/12/2023,,,,,,,,,2,,,,,,,,,50,,,,,,,,,,,,,,,4,,,,,,1971,North Texas Pollen Station,Flower Mound,TX,75022,US
2/24/2022,,,,,,,,,,,,,17,,,,,,,,,,,,,,,,,,,,,,,,,,540,North Texas Pollen Station,Flower Mound,TX,75022,US
8/24/2023,,,,,,,,,,,,,,,,,,,,,,,,,,,,,,,,,,,,,,,1491,North Texas Pollen Station,Flower Mound,TX,75022,US
1/29/2021,,,,,,,,,,,,,24,,,,,,,,,,,,,,,,,,,,,,,13,,,1329,North Texas Pollen Station,Flower Mound,TX,75022,US
5/29/2021,,,,,,,,,,,,,,,,,,63,,,,,,,,,,,,,,,2,,,,,,2747,North Texas Pollen Station,Flower Mound,TX,75022,US
11/4/2022,,,17,,,,,,,,,,,,,,,6,,,,,,,,,,,,,,,,,,4,,,2572,North Texas Pollen Station,Flower Mound,TX,75022,US
10/21/2022,,,9,,,,,,,,4,,24,,,,,4,,,,,,,,,,,,,,,,,,15,,,1956,North Texas Pollen Station,Flower Mound,TX,75022,US
11/29/2022,,,,,,,,,,,,,56,,,,,4,,,,,,,,,,,,,,,,,,,,,2809,North Texas Pollen Station,Flower Mound,TX,75022,US
9/10/2021,,,89,,4,,,,,,11,,,,,,,9,,,,,,,,,,,,,,,,,,2,,,3680,North Texas Pollen Station,Flower Mound,TX,75022,US
8/24/2021,,,,,,,,,,,9,,,,,,,2,,,,,,,,,,,,,,,,,,151,,,2146,North Texas Pollen Station,Flower Mound,TX,75022,US
12/25/2023,,,,,,2,,,,,,,13,,,,,,,,,,,,,,,,,,,,,,,,,,4322,North Texas Pollen Station,Flower Mound,TX,75022,US
8/5/2023,,,,,,,,,,,,,,,,,,,,,,,,,,,,,,,,,,,,,,,1351,North Texas Pollen Station,Flower Mound,TX,75022,US
8/1/2021,,,2,,,,,,,,,,,,,,,4,,,,,,,,,,,,,,,,,,,,,1945,North Texas Pollen Station,Flower Mound,TX,75022,US
11/21/2023,,,2,,,,,,,,,,4,,,,,1,,,,,,,,,,,,,,,,,,,,,3242,North Texas Pollen Station,Flower Mound,TX,75022,US
7/27/2023,,,,,,,,,,,2,,,,,,,,,,,,,,,,,,,,,,,,,,,,1651,North Texas Pollen Station,Flower Mound,TX,75022,US
4/8/2023,,,,,,,,,,,,,5,,,,43,2,,,,13,,,,,6,,35,,,175,3,22,,,,,1796,North Texas Pollen Station,Flower Mound,TX,75022,US
1/14/2021,,,,,,,,,,,,,1562,,,,,,,,,,,,,,,,,,,,,,,4,,,2314,North Texas Pollen Station,Flower Mound,TX,75022,US
2/22/2023,,,,,,,,,,,,,431,,,,,,,,,,,,,,5,,,,,,,,,411,,,2593,North Texas Pollen Station,Flower Mound,TX,75022,US
9/9/2021,,,149,,6,,,,,,9,,,,,,,9,,,,,,,,,,,,,,,,,,4,,,4056,North Texas Pollen Station,Flower Mound,TX,75022,US
9/28/2022,,,173,,,,,,,,2,,,,,,,13,,,,,,,,,,,,,,,,,,13,,,2956,North Texas Pollen Station,Flower Mound,TX,75022,US
3/28/2021,11,,2,,,,6,,,283,,,56,,,,229,39,,,11,588,,,,,125,,24,17,,1584,,6,,2,,,2703,North Texas Pollen Station,Flower Mound,TX,75022,US
12/18/2022,,,,,,,,,,,,,,,,,,,,,,,,,,,,,,,,,,,,,,,1297,North Texas Pollen Station,Flower Mound,TX,75022,US
10/15/2021,,,106,,,,,,,,2,,,,,,,,,,,,,,,,,,,,,,,,,15,,,2593,North Texas Pollen Station,Flower Mound,TX,75022,US
8/12/2023,,,,,,,,,,,,,,,,,,,,,,,,,,,,,,,,,,,,,,,1683,North Texas Pollen Station,Flower Mound,TX,75022,US
8/31/2021,,,6,,,,,,,,2,,,,,,,2,,,,,,,,,,,,,,,,,,2,,,2334,North Texas Pollen Station,Flower Mound,TX,75022,US
1/17/2022,,,,,,,,,,,,,24,,,,,,,,,,,,,,,,,,,,,,,,,,1720,North Texas Pollen Station,Flower Mound,TX,75022,US
1/5/2023,,,,,,,,,,,,,9,,,,,,,,,,,,,,,,,,,,,,,,,,1081,North Texas Pollen Station,Flower Mound,TX,75022,US
7/3/2021,,,,,,,,,,,,,,,,,,6,,,,,,,,,,,,,,,2,,,,,,1513,North Texas Pollen Station,Flower Mound,TX,75022,US
6/9/2022,,,,,,,,,,,,,2,,,,,2,,,,,,,,,,,,,,,,,,,,,2310,North Texas Pollen Station,Flower Mound,TX,75022,US
2/6/2021,,,2,,,,,,,,,,199,,,,,,,,,,,,,,,,,,,,,,,138,,,1986,North Texas Pollen Station,Flower Mound,TX,75022,US
7/7/2023,,,,,,,,,,,2,,,,,,,4,,,,,,,,,1,,,,,,,,,,,,1688,North Texas Pollen Station,Flower Mound,TX,75022,US
9/25/2023,,,142,,,,,,,,,,,,,,,5,,,,,,,,,,,,,,,,,,184,,,6440,North Texas Pollen Station,Flower Mound,TX,75022,US
9/29/2022,,,266,,,,,,,,4,,,,,,,19,,,,,,,,,,,,,,,,,,17,,,2881,North Texas Pollen Station,Flower Mound,TX,75022,US
6/28/2023,,,,,,,,,,,2,,,,,,,,,,,,,,,,,,,,,,,,,,,,3043,North Texas Pollen Station,Flower Mound,TX,75022,US
7/1/2022,,,,,,,,,,,,,,,,,,2,,,,,,,,,,,,,,,,,,,,,1724,North Texas Pollen Station,Flower Mound,TX,75022,US
1/29/2023,,,,,,,,,,,,,802,,,,,,,,,,,,,,,,,,,,,,,43,,,1528,North Texas Pollen Station,Flower Mound,TX,75022,US
5/24/2021,,,,,,,,,2,,,,,,,,,13,,,,,,,,,,,,,,,,,,,,,2405,North Texas Pollen Station,Flower Mound,TX,75022,US
10/3/2023,,,283,,,,,,,,1,,,2,,,,2,,,,,,,,,,,,,,,,,,48,,,2338,North Texas Pollen Station,Flower Mound,TX,75022,US
10/10/2022,,,171,,,,,,,,,,,,,,,15,,,,,,,,,,,,,,,,,,117,,,2598,North Texas Pollen Station,Flower Mound,TX,75022,US
7/17/2022,,,,,,,,,,,,,,,,,,,,,,,,,,,,,,,,,,,,,,,1729,North Texas Pollen Station,Flower Mound,TX,75022,US
10/20/2022,,,13,,,,,,,,2,,37,2,,,,11,,,,,,,,,,,,,,,,,,11,,,2081,North Texas Pollen Station,Flower Mound,TX,75022,US
4/20/2023,,,,,,4,160,,10,,,,2,,,,1,16,3,,,2,,,,,9,,,,,52,7,,,,,,2438,North Texas Pollen Station,Flower Mound,TX,75022,US
4/10/2022,32,,,,,,,,,102,,,19,2,,,30,13,,,,231,,,,,26,,19,15,,2481,2,45,,,,,1729,North Texas Pollen Station,Flower Mound,TX,75022,US
3/25/2022,,,,,,,2,,,2,,,2,,,,,6,,,4,,,,,,,,,11,,4,,,,6,,,2113,North Texas Pollen Station,Flower Mound,TX,75022,US
10/28/2022,,,4,,,,,,,,,,,,,,,,,,,,,,,,,,,,,,,,,,,,1733,North Texas Pollen Station,Flower Mound,TX,75022,US
10/19/2021,,,91,,,,,,,,2,,2,,,,,9,,,,,,,,,,,,,,,,,,97,,,2271,North Texas Pollen Station,Flower Mound,TX,75022,US
2/10/2023,,,,,,,,,,,,,257,,,,,,,,,,,,,,1,,,,,,,,,63,,,1900,North Texas Pollen Station,Flower Mound,TX,75022,US
2/19/2023,,,,,,4,,,,,,,32,,,,,,,,,,,,,,4,,,,,,,,,320,,,2122,North Texas Pollen Station,Flower Mound,TX,75022,US
9/1/2023,,,28,,,,,,,,2,,,,,,,,,,,,,,,,,,,,,,,,,2,,,4186,North Texas Pollen Station,Flower Mound,TX,75022,US
10/11/2022,,,151,,,,,,,,,,,,,,,9,,,,,,,,,,,,,,,,,,138,,,2133,North Texas Pollen Station,Flower Mound,TX,75022,US
1/6/2021,,,,,,,,,,,,,1601,,,,,,,,,,,,,,,,,,,,,,,4,,,1329,North Texas Pollen Station,Flower Mound,TX,75022,US
1/1/2022,,,,,,2,,,,,,,387,,,,,,,,,,,,,,,,,,,,,,,,,,1297,North Texas Pollen Station,Flower Mound,TX,75022,US
11/10/2021,,,2,,,,,,,,,,,,,,,6,,,,,,,,,,,,,,,,,,2,,,1232,North Texas Pollen Station,Flower Mound,TX,75022,US
2/14/2023,,,,,,,,,,,,,644,,,,,2,,,,,,,,,3,,,,,,,,,153,,,2814,North Texas Pollen Station,Flower Mound,TX,75022,US
8/6/2022,,,,,,,,,,,2,,,,,,,,,,,,,,,,,,,,,,,,,,,,1666,North Texas Pollen Station,Flower Mound,TX,75022,US
6/17/2022,,,,,,,,,,,2,,,,,,,9,,,,,,,,,,,,,,,,,,,,,1990,North Texas Pollen Station,Flower Mound,TX,75022,US
5/16/2022,,,,,,,,,11,11,,,2,4,,,,41,,,,,,,,,2,,,,,,,,,,,,2338,North Texas Pollen Station,Flower Mound,TX,75022,US
2/28/2021,,,,,,,,,,,,,2131,,,,,,,,,,,,,,,,,,,,,,,35,,,1524,North Texas Pollen Station,Flower Mound,TX,75022,US
5/27/2021,,,,,,,,,,,,,,,,,,45,,,,,,,,,,,,,,,,,,,,,2066,North Texas Pollen Station,Flower Mound,TX,75022,US
5/28/2023,,,,,,,,,,,,,,2,,,,17,1,,,,,,,,2,,,,,,2,,,,,,2593,North Texas Pollen Station,Flower Mound,TX,75022,US
7/25/2022,,,,,,,,,,,,,,,,,,,,,,,,,,,,,,,,,,,,,,,1037,North Texas Pollen Station,Flower Mound,TX,75022,US
5/20/2023,,,,,,,,,11,,,,,,,,,45,,,,,,,,,,,,,,,6,,,,,,3458,North Texas Pollen Station,Flower Mound,TX,75022,US
5/17/2021,,,,,,,,,2,,,,,,,,,6,,,,,,,,,,,,,,,,,,,,,1078,North Texas Pollen Station,Flower Mound,TX,75022,US
1/16/2021,,,9,,,,,,,,2,,11,,,,,,,,,,,,,,,,,,,,,,,,,,1824,North Texas Pollen Station,Flower Mound,TX,75022,US
5/1/2023,,,,,,,98,,48,,,,11,,,,3,41,13,,,,,,,,,,,,,9,16,,,,,,2809,North Texas Pollen Station,Flower Mound,TX,75022,US
6/4/2021,,,,,,,,,,,,,,,,,,17,,,,,,,,,,,,,,,,,,,,,3339,North Texas Pollen Station,Flower Mound,TX,75022,US
3/14/2022,,,,,,2,,,,,2,,201,,,,4,2,,,,,,,,,13,,,,,,,,,218,,,1750,North Texas Pollen Station,Flower Mound,TX,75022,US
11/3/2021,,,,,,,,,,,,,,,,,,,,,,,,,,,,,,,,,,,,,,,650,North Texas Pollen Station,Flower Mound,TX,75022,US
8/10/2023,,,,,,2,,,,,,,,,,,,,,,,,,,,,,,,,,,,,,,,,1789,North Texas Pollen Station,Flower Mound,TX,75022,US
1/20/2021,,,,,,,,,,,,,15,,,,,,,,,,,,,,,,,,,,,,,,,,871,North Texas Pollen Station,Flower Mound,TX,75022,US
9/30/2022,,,175,,,,,,,,4,,,,,,,26,,,,,,,,,,,,,,,,,,24,,,2058,North Texas Pollen Station,Flower Mound,TX,75022,US
3/4/2021,,,,,,,,,,,,,2276,,,,,,,,,,,,,,,,,,,,,,,52,,,2142,North Texas Pollen Station,Flower Mound,TX,75022,US
8/29/2022,,,2,,,,,,,,,,,,,,,,,,,,,,,,,,,,,,,,,305,,,2142,North Texas Pollen Station,Flower Mound,TX,75022,US
7/10/2021,,,,,4,,,,,,,,,,,,,,,,,,,,,,,,,,,,,,,,,,1977,North Texas Pollen Station,Flower Mound,TX,75022,US
10/9/2023,,,136,,,,,,,,,,,,,,,4,,,,,,,,,,,,,,,,,,2,,,2118,North Texas Pollen Station,Flower Mound,TX,75022,US
12/15/2021,,,2,,,,,,,,,,65,,,,,,,,,,,,,,,,,,,,,,,,,,1281,North Texas Pollen Station,Flower Mound,TX,75022,US
3/10/2021,,,,,,,,,,,,,454,,,,,2,,,,,,,,,4,,,,,,,,,9,,,1294,North Texas Pollen Station,Flower Mound,TX,75022,US
2/21/2021,,,,,,,,,,,,,160,,,,,,,,,,,,,,,,,,,,,,,2,,,1493,North Texas Pollen Station,Flower Mound,TX,75022,US
6/13/2023,,,,,,,,,,,,,,,,,,4,,,,,,,,,9,,,,,,,,,,,,3894,North Texas Pollen Station,Flower Mound,TX,75022,US
1/26/2023,,,,,,,,,,,,,2,,,,,,,,,,,,,,,,,,,,,,,,,,432,North Texas Pollen Station,Flower Mound,TX,75022,US
10/29/2023,,,,,,,,,,,,,,,,,,2,,,,,,,,,,,,,,,,,,,,,1297,North Texas Pollen Station,Flower Mound,TX,75022,US
2/14/2021,,,,,,,,,,,,,28,,,,,,,,,,,,,,,,,,,,,,,54,,,1294,North Texas Pollen Station,Flower Mound,TX,75022,US
12/11/2021,,,2,,,,,,,,2,,43,,,,,,,,,,,,,,,,,,,,,,,,,,953,North Texas Pollen Station,Flower Mound,TX,75022,US
9/13/2021,,,32,,,,,,,,2,,,,,,,2,,,,,,,,,,,,,,,,,,2,,,2118,North Texas Pollen Station,Flower Mound,TX,75022,US
3/11/2021,,,2,,,,,,,,,,439,,,,,2,,,,,,,,,11,,,4,,2,,,,6,,,1597,North Texas Pollen Station,Flower Mound,TX,75022,US
7/13/2021,,,,,2,,,,,,,,,,,,,2,,,,,,,,,,,,,,,,,,,,,1763,North Texas Pollen Station,Flower Mound,TX,75022,US
3/4/2023,,,,,,,,,,6,,,75,,,,28,,,,13,251,,,,,,,,,,15,,,,31,,,2811,North Texas Pollen Station,Flower Mound,TX,75022,US
11/3/2022,,,11,,,,,,,,2,,,,,,,,,,,,,,,,,,,,,,,,,4,,,2593,North Texas Pollen Station,Flower Mound,TX,75022,US
9/5/2022,,,2,,,,,,,,2,,,,,,,,,,,,,,,,,,,,,,,,,15,,,2269,North Texas Pollen Station,Flower Mound,TX,75022,US
7/6/2023,,,,,,,,,,,1,,,,,,,4,,,,,,,,,8,,,,,,,,,,,,2213,North Texas Pollen Station,Flower Mound,TX,75022,US
12/1/2023,,,,,,,,,,,,,30,,,,,,,,,,,,,,,,,,,,,,,,,,1513,North Texas Pollen Station,Flower Mound,TX,75022,US
11/22/2021,,,4,,,,,,,,,,,,,,,,,,,,,,,,,,,,,,,,,,,,2183,North Texas Pollen Station,Flower Mound,TX,75022,US
7/5/2022,,,,,,,,,,,,,,,,,,6,,,,,,,,,,,,,,,,,,,,,2005,North Texas Pollen Station,Flower Mound,TX,75022,US
8/29/2023,,,110,,2,,,,,,4,,,,,,,,,,,,,,,,,,,,,,,,,,,,4106,North Texas Pollen Station,Flower Mound,TX,75022,US
2/20/2021,,,,,,,,,,,,,19,,,,,,,,,,,,,,,,,,,,,,,4,,,1381,North Texas Pollen Station,Flower Mound,TX,75022,US
6/15/2021,,,,,,,,,,,,,,,,,,2,,,,,,,,,,,,,,,,,,,,,2811,North Texas Pollen Station,Flower Mound,TX,75022,US
1/27/2022,,,,,,,,,,,,,9,,,,,,,,,,,,,,,,,,,,,,,,,,1452,North Texas Pollen Station,Flower Mound,TX,75022,US
9/4/2022,,,9,,,,,,,,2,,,,,,,2,,,,,,,,,,,,,,,,,,17,,,3220,North Texas Pollen Station,Flower Mound,TX,75022,US
3/31/2023,24,,,,,,,,,35,,,,,,,45,15,9,,,29,,,,,20,,214,,,4752,,106,,,,,1837,North Texas Pollen Station,Flower Mound,TX,75022,US
3/31/2021,17,,2,,,,6,,,203,,,335,,,,218,17,,,6,287,,9,,,50,,48,2,,1938,4,11,,,,,2518,North Texas Pollen Station,Flower Mound,TX,75022,US
9/11/2021,,,45,,,,,,,,2,,,,,,,4,,,,,,,,,,,,,,,,,,,,,2809,North Texas Pollen Station,Flower Mound,TX,75022,US
2/20/2023,,,,,,,,,,,,,405,,,,,,,,,,,,,,17,,,,,,,,,784,,,2042,North Texas Pollen Station,Flower Mound,TX,75022,US
6/13/2021,,,,,,,,,,,,,,,,,,13,,,,,,,,,,,,,,,,,,,,,2604,North Texas Pollen Station,Flower Mound,TX,75022,US
2/17/2021,,,,,,,,,,,,,,,,,,,,,,,,,,,,,,,,,,,,,,,352,North Texas Pollen Station,Flower Mound,TX,75022,US
6/18/2021,,,,,,,,,,,,,,,,,,26,,,,,,,,,,,,,,,,,,,,,2055,North Texas Pollen Station,Flower Mound,TX,75022,US
5/17/2023,,,,,,,5,,2,,,,,,,,,82,,,,,,,,,,,,,,,11,,,,,,4274,North Texas Pollen Station,Flower Mound,TX,75022,US
12/31/2023,,,,,,,,,,,,,1100,,,,,,,,,,,,,,,,,,,,,,,,,,1513,North Texas Pollen Station,Flower Mound,TX,75022,US
8/28/2021,,,6,,,,,,,,,,,,,,,2,,,,,,,,,,,,,,,,,,22,,,1934,North Texas Pollen Station,Flower Mound,TX,75022,US
7/24/2021,,,17,,,,,,,,4,,,,,,,6,,,,,,,,,,,,,,,,,,,,,1606,North Texas Pollen Station,Flower Mound,TX,75022,US
11/6/2023,,,32,,,,,,,,2,,9,,,,,1,,,,,,,,,,,,,,,,,,6,,,1705,North Texas Pollen Station,Flower Mound,TX,75022,US
10/3/2022,,,104,,,,,,,,,,,,,,,4,,,,,,,,,,,,,,,,,,2,,,1941,North Texas Pollen Station,Flower Mound,TX,75022,US
2/7/2022,,,,,,,,,,,,,2,,,,,,,,,,,,,,2,,,,,,,,,,,,1729,North Texas Pollen Station,Flower Mound,TX,75022,US
8/7/2021,,,,,,,,,,,6,,,2,,,,11,,,,,,,,,,,,,,,,,,,,,2418,North Texas Pollen Station,Flower Mound,TX,75022,US
7/2/2022,,,,,,,,,2,,,,,,,,,2,,,,,,,,,,,,,,,,,,,,,1740,North Texas Pollen Station,Flower Mound,TX,75022,US
9/28/2023,,,151,,,,,,,,3,,,,,,,2,,,,,,,,,,,,,,,,,,45,,,6051,North Texas Pollen Station,Flower Mound,TX,75022,US
3/12/2023,,,,,,,,,,54,,,400,,,,117,26,,,17,212,,,,,9,,23,37,,910,,,,2,,,2546,North Texas Pollen Station,Flower Mound,TX,75022,US
7/9/2022,,,,,,,,,,,,,,,,,,,,,,,,,,,,,,,,,,,,,,,1761,North Texas Pollen Station,Flower Mound,TX,75022,US
11/23/2023,,,,,,,,,,,,,,,,,,,,,,,,,,,,,,,,,,,,,,,1943,North Texas Pollen Station,Flower Mound,TX,75022,US
5/21/2021,,,2,,,,,,,,,,,,,,,17,,,,,,,,,,,,,,,,,,,,,3656,North Texas Pollen Station,Flower Mound,TX,75022,US
5/13/2022,,,,,,,,,2,4,2,,,,,,,35,,,,,,,,,,,,,,,2,,,,,,1912,North Texas Pollen Station,Flower Mound,TX,75022,US
7/22/2023,,,,,,,,,,,,,,,,,,5,,,,,,,,,2,,,,,,,,,,,,3179,North Texas Pollen Station,Flower Mound,TX,75022,US
7/14/2022,,,,,,,,,,,,,,,,,,,,,,,,,,,,,,,,,,,,,,,1681,North Texas Pollen Station,Flower Mound,TX,75022,US
11/3/2023,,,4,,,,,,,,,,,,,,,,,,,,,,,,,,,,,,,,,2,,,1709,North Texas Pollen Station,Flower Mound,TX,75022,US
2/9/2021,,,,,,,,,,,,,41,,,,,,,,,,,,,,,,,,,,,,,61,,,996,North Texas Pollen Station,Flower Mound,TX,75022,US
12/8/2022,,,,,,,,,,,,,13,,,,,,,,,,,,,,,,,,,,,,,,,,2593,North Texas Pollen Station,Flower Mound,TX,75022,US
8/8/2021,,,2,,2,,,,,,15,,,,,,,2,,,,,,,,,,,,,,,,,,2,,,2688,North Texas Pollen Station,Flower Mound,TX,75022,US
12/30/2021,,,,,,,,,,,2,,346,,,,,,,,,,,,,,,,,,,,,,,,,,1729,North Texas Pollen Station,Flower Mound,TX,75022,US
8/7/2022,,,,,,,,,,,,,2,,,,,,,,,,,,,,,,,,,,,,,,,,1614,North Texas Pollen Station,Flower Mound,TX,75022,US
10/22/2021,,,39,,,,,,,,,,15,,,,,2,,,,,,,,,,,,,,,,,,22,,,2712,North Texas Pollen Station,Flower Mound,TX,75022,US
8/16/2023,,,6,,,,,,,,6,,,,,,,,,,,,,,,,,,,,,,,,,,,,1480,North Texas Pollen Station,Flower Mound,TX,75022,US
7/11/2023,,,,,,,,,,,,,,,,,,,,,,,,,,,6,,,,,,,,,,,,2805,North Texas Pollen Station,Flower Mound,TX,75022,US
6/16/2021,,,,,,,,,,,,,,,,,,2,,,,,,,,,,,,,,,,,,,,,1951,North Texas Pollen Station,Flower Mound,TX,75022,US
2/11/2022,,,,,,,,,,,,,3829,,,,,,,,,,,,,,,,,,,,,,,2,,,4538,North Texas Pollen Station,Flower Mound,TX,75022,US
11/22/2022,,,,,,,,,,,,,,,,,,,,,,,,,,,,,,,,,,,,,,,1549,North Texas Pollen Station,Flower Mound,TX,75022,US
7/29/2021,,,,,,,,,,,,,,,,,,2,,,,,,,,,,,,,,,,,,,,,1009,North Texas Pollen Station,Flower Mound,TX,75022,US
5/2/2023,,,,,,,54,,28,,,,8,,,,,43,2,,,,,,,,,,,,,9,6,,,,,,2606,North Texas Pollen Station,Flower Mound,TX,75022,US
8/13/2023,,,,,,,,,,,,,,,,,,2,,,,,,,,,,,,,,,,,,,,,1297,North Texas Pollen Station,Flower Mound,TX,75022,US
11/19/2021,,,,,,,,,,,,,2,,,,,,,,,,,,,,,,,,,,,,,,,,1214,North Texas Pollen Station,Flower Mound,TX,75022,US
4/14/2023,,,,,,,,,16,50,,,2,1,,,2,14,4,,,2,,,,,10,,,,,247,22,,,,,,2213,North Texas Pollen Station,Flower Mound,TX,75022,US
1/10/2021,,,,,,,,,,,,,4,,,,,,,,,,,,,,,,,,,,,,,,,,936,North Texas Pollen Station,Flower Mound,TX,75022,US
5/31/2022,,,,,,,,,,,,,,,,,,2,,,,,,,,,,,,,,,,,,,,,1724,North Texas Pollen Station,Flower Mound,TX,75022,US
3/1/2022,,,,,,,,,,,,,97,,,,,,,,,,,,,,,,,,,,,,,160,,,1429,North Texas Pollen Station,Flower Mound,TX,75022,US
3/22/2021,,,,,,,,,,227,,,4,,,,123,13,,,6,382,,,,,205,,39,48,,661,,9,,2,,,1087,North Texas Pollen Station,Flower Mound,TX,75022,US
10/24/2023,,,26,,,,,,,,,,,,,,,,,,,,,,,,,,,,,,,,,,,,1642,North Texas Pollen Station,Flower Mound,TX,75022,US
3/14/2023,,,,,,,11,,,22,,,12,,,,56,,,,2,35,,,,,,,,10,,246,,9,,,,,1947,North Texas Pollen Station,Flower Mound,TX,75022,US
6/14/2023,,,,,,6,,,,,,,,,,,,,,,,,,,,,4,,,,,,,,,,,,5619,North Texas Pollen Station,Flower Mound,TX,75022,US
2/18/2023,,,,,,,,,,,,,25,,,,,2,,,,,,,,,,,,,,,,,,98,,,2157,North Texas Pollen Station,Flower Mound,TX,75022,US
7/29/2023,,,,,,,,,,,,,,,,,,,,,,,,,,,,,,,,,,,,,,,1275,North Texas Pollen Station,Flower Mound,TX,75022,US
3/9/2021,,,,,,,,,,,,,527,,,,,,,,,,,,,,2,,,,,,,,,22,,,1392,North Texas Pollen Station,Flower Mound,TX,75022,US
3/19/2021,2,,,,,,,,,26,,,26,,,,4,2,,,11,19,,,,,9,,,9,,50,,2,,6,,,1104,North Texas Pollen Station,Flower Mound,TX,75022,US
9/21/2021,,,713,,,,,,,,17,,,,,,,11,,,,,,,,,,,,,,,,,,164,,,2816,North Texas Pollen Station,Flower Mound,TX,75022,US
1/11/2021,,,,,,,,,,,,,2,,,,,,,,,,,,,,,,,,,,,,,,,,1191,North Texas Pollen Station,Flower Mound,TX,75022,US
3/21/2022,,,,,,4,,,,4,,,19,,,,9,4,,,,,,,,,73,,,,,73,,,,26,,,2031,North Texas Pollen Station,Flower Mound,TX,75022,US
12/16/2023,,,,,,,,,,,,,2,,,,,,,,,,,,,,,,,,,,,,,,,,2403,North Texas Pollen Station,Flower Mound,TX,75022,US
10/26/2022,,,9,,,,,,,,,,,,,,,,,,,,,,,,,,,,,,,,,2,,,1642,North Texas Pollen Station,Flower Mound,TX,75022,US
8/22/2022,,,,,,,,,,,,,,,,,,,,,,,,,,,,,,,,,,,,2,,,2159,North Texas Pollen Station,Flower Mound,TX,75022,US
7/23/2022,,,,,,,,,,,,,,,,,,6,,,,,,,,,,,,,,,,,,,,,1269,North Texas Pollen Station,Flower Mound,TX,75022,US
4/16/2023,,,,,,,25,,24,4,,,71,2,,,9,11,6,,,3,,,,,9,,,,,85,12,19,,,,,2338,North Texas Pollen Station,Flower Mound,TX,75022,US
3/28/2022,,,,,,,,,,43,,,26,,,,35,6,,,13,,,,,,48,,15,132,,246,,,,9,,,2163,North Texas Pollen Station,Flower Mound,TX,75022,US
8/19/2021,,,2,,,,,,,,2,,,,,,,,,,,,,,,,,,,,,,,,,,,,6267,North Texas Pollen Station,Flower Mound,TX,75022,US
7/20/2023,,,,,,,2,,,,,,,,,,,,,,,,,,,,,,,,,,,,,,,,2161,North Texas Pollen Station,Flower Mound,TX,75022,US
8/27/2022,,,,,,4,,,,,,,,,,,,,,,,,,,,,,,,,,,,,,2725,,,3025,North Texas Pollen Station,Flower Mound,TX,75022,US
6/12/2021,,,,,,,,,,,,,,,,,,17,,,,,,,,,,,,,,,,,,,,,3330,North Texas Pollen Station,Flower Mound,TX,75022,US
11/27/2022,,,,,,,,,,,,,,,,,,,,,,,,,,,,,,,,,,,,,,,1139,North Texas Pollen Station,Flower Mound,TX,75022,US
9/15/2022,,,54,,,,,,,,4,,,,,,,11,,,,,,,,,,,,,,,,,,9,,,2593,North Texas Pollen Station,Flower Mound,TX,75022,US
4/13/2022,30,,,,,,,,,48,,,28,4,,,9,13,4,,,91,,,,,22,,2,9,,2786,4,11,,,,,1534,North Texas Pollen Station,Flower Mound,TX,75022,US
11/10/2022,,,2,,,,,,,,,,,,,,,6,,,,,,,,,,,,,,,,,,,,,1945,North Texas Pollen Station,Flower Mound,TX,75022,US
7/7/2022,,,,,,,,,,,,,,,,,,,,,,,,,,,,,,,,,,,,,,,1487,North Texas Pollen Station,Flower Mound,TX,75022,US
6/10/2021,,,,,,,,,,,,,,,,,,11,,,,,,,,,,,,,,,,,,,,2,1554,North Texas Pollen Station,Flower Mound,TX,75022,US
3/17/2021,4,,2,,,,6,,,147,,,24,,,,26,,,,,48,,,,,69,,,117,,225,,13,,,,,1446,North Texas Pollen Station,Flower Mound,TX,75022,US
1/2/2022,,,,,,,,,,,,,4,,,,,,,,,,,,,,,,,,,,,,,,,,216,North Texas Pollen Station,Flower Mound,TX,75022,US
7/8/2022,,,,,,,,,,,,,,,,,,4,,,,,,,,,,,,,,,,,,,,,1515,North Texas Pollen Station,Flower Mound,TX,75022,US
7/15/2021,,,,,11,,,,,,6,,,,,,,13,,,,,,,,,,,,,,,,,,,,,1887,North Texas Pollen Station,Flower Mound,TX,75022,US
3/13/2022,,,,,,,,,,,,,67,,,,,,,,,,,,,,2,,,,,,,,,220,,,1513,North Texas Pollen Station,Flower Mound,TX,75022,US
8/10/2022,,,,,,,,,,,,,,,,,,,,,,,,,,,2,,,,,,,,,,,,1467,North Texas Pollen Station,Flower Mound,TX,75022,US
5/6/2022,,,,,,,,,24,22,,,6,,,,2,13,2,,,,,,,,2,,9,,,26,,,,,,,2550,North Texas Pollen Station,Flower Mound,TX,75022,US
8/25/2021,,,2,,,,,,,,6,,,,,,,2,,,,,,,,,,,,,,,,,,61,,,2336,North Texas Pollen Station,Flower Mound,TX,75022,US
9/8/2022,,,78,,,,,,,,4,,,,,,,,,,,,,,,,,,,,,,,,,32,,,2619,North Texas Pollen Station,Flower Mound,TX,75022,US
11/27/2021,,,2,,,,,,,,,,4,,,,,,,,,,,,,,,,,,,,,,,,,,815,North Texas Pollen Station,Flower Mound,TX,75022,US
12/23/2021,,,,,,,,,,,,,1461,,,,,,,,,,,,,,,,,,,,,,,,,,1776,North Texas Pollen Station,Flower Mound,TX,75022,US
12/21/2021,,,,,,,,,,,,,11,,,,,,,,,,,,,,,,,,,,,,,,,,1415,North Texas Pollen Station,Flower Mound,TX,75022,US
1/22/2023,,,,,,1,,,,,,,67,,,,,,,,,,,,,,,,,,,,,,,67,,,1729,North Texas Pollen Station,Flower Mound,TX,75022,US
6/3/2022,,,,,,,,,,,,,,2,,,,6,,,,,,,,,,,,,,,,,,,,,1755,North Texas Pollen Station,Flower Mound,TX,75022,US
4/2/2022,30,,,,,,2,,,43,,,2,,,,95,4,,,24,45,,,,,261,,,19,,1163,,,,,,,2334,North Texas Pollen Station,Flower Mound,TX,75022,US
10/19/2022,,,11,,,,,,,,2,,,,,,,,,,,,,,,,,,,,,,,,,,,,1297,North Texas Pollen Station,Flower Mound,TX,75022,US
10/16/2021,,,13,,,,,,,,,,11,,,,,,,,,,,,,,,,,,,,,,,37,,,2535,North Texas Pollen Station,Flower Mound,TX,75022,US
1/8/2022,,,,,,,,,,,,,24,,,,,,,,,,,,,,,,,,,,,,,,,,1383,North Texas Pollen Station,Flower Mound,TX,75022,US
10/14/2021,,,4,,,,,,,,,,,,,,,2,,,,,,,,,,,,,,,,,,,,,648,North Texas Pollen Station,Flower Mound,TX,75022,US
9/13/2022,,,63,,2,,,,,,2,,,,,,,9,,,,,,,,,,,,,,,,,,24,,,2343,North Texas Pollen Station,Flower Mound,TX,75022,US
1/26/2021,,,,,,,,,,,,,350,,,,,,,,,,,,,,,,,,,,,,,2,,,1731,North Texas Pollen Station,Flower Mound,TX,75022,US
4/11/2021,4,,,,,,,,,37,,,11,,,,93,2,2,,,86,,,,,2,,13,,,720,,15,,,,,1495,North Texas Pollen Station,Flower Mound,TX,75022,US
1/30/2022,,,,,,,,,,,,,207,,,,,,,,,,,,,,,,,,,,,,,,,,1794,North Texas Pollen Station,Flower Mound,TX,75022,US
2/1/2023,,,,,,,,,,,,,4,,,,,,,,,,,,,,,,,,,,,,,17,,,1621,North Texas Pollen Station,Flower Mound,TX,75022,US
11/18/2023,,,,,,,,,,,,,11,,,,,2,,,,,,,,,,,,,,,,,,4,,,2301,North Texas Pollen Station,Flower Mound,TX,75022,US
11/7/2023,,,9,,,,,,,,,,2,,,,,2,,,,,,,,,,,,,,,,,,,,,1826,North Texas Pollen Station,Flower Mound,TX,75022,US
7/28/2023,,,,,,,,,,,5,,,,,,,,,,,,,,,,,,,,,,,,,,,,1686,North Texas Pollen Station,Flower Mound,TX,75022,US
9/16/2022,,,26,,,,,,,,6,,,,,,,9,,,,,,,,,,,,,,,,,,19,,,2161,North Texas Pollen Station,Flower Mound,TX,75022,US
10/29/2021,,,15,,,,,,,,,,4,,,,,2,,,,,,,,,,,,,,,,,,4,,,1934,North Texas Pollen Station,Flower Mound,TX,75022,US
1/18/2023,,,,,,,,,,,,,442,,,,,4,,,,,,,,,,,,,,,,,,52,,,2561,North Texas Pollen Station,Flower Mound,TX,75022,US
7/10/2023,,,,,,,,,,,,,,,,,,2,,,,,,,,,10,,,,,,,,,,,,2602,North Texas Pollen Station,Flower Mound,TX,75022,US
1/30/2023,,,,,,,,,,,,,93,,,,,,,,,,,,,,,,,,,,,,,15,,,2593,North Texas Pollen Station,Flower Mound,TX,75022,US
11/11/2023,,,4,,,,,,,,,,2,,,,,,,,,,,,,,,,,,,,,,,,,,2172,North Texas Pollen Station,Flower Mound,TX,75022,US
8/13/2022,,,,,,,,,,,,,,,,,,,,,,,,,,,,,,,,,,,,,,,2786,North Texas Pollen Station,Flower Mound,TX,75022,US
4/24/2023,,,,,,,24,,7,,,,1,1,,,,6,,,,,,,,,,,,,,20,2,,,,,,1707,North Texas Pollen Station,Flower Mound,TX,75022,US
1/30/2021,,,,,,,,,,,,,274,,,,,,,,,,,,,,,,,,,,,,,86,,,1584,North Texas Pollen Station,Flower Mound,TX,75022,US
6/19/2022,,,,,,,,,,,,,,,,,,2,,,,,,,,,,,,,,,,,,,,,2420,North Texas Pollen Station,Flower Mound,TX,75022,US
5/2/2022,,,,,,,,,39,84,,,,,,,,50,,,,,,,,,,,8,,,17,,,,,,,1945,North Texas Pollen Station,Flower Mound,TX,75022,US
4/3/2021,4,,,,,,2,,,39,,,4,,,,102,6,2,,11,84,,,,,50,,11,,,2760,2,26,,,,,1463,North Texas Pollen Station,Flower Mound,TX,75022,US
9/21/2023,,,65,,,,,,,,8,,,,,,,,,,,,,,,,,,,,,,,,,1599,,,2690,North Texas Pollen Station,Flower Mound,TX,75022,US
2/22/2022,,,,,,2,,,,,,,685,,,,,,,,,,,,,,,,,,,,,,,127,,,1919,North Texas Pollen Station,Flower Mound,TX,75022,US
10/18/2023,,,123,,,,,,,,1,,,,,,,13,,,,,,,,,,,,,,,,,,63,,,1967,North Texas Pollen Station,Flower Mound,TX,75022,US
11/13/2023,,,,,,,,,,,,,2,,,,,,,,,,,,,,,,,,,,,,,,,,1876,North Texas Pollen Station,Flower Mound,TX,75022,US
11/15/2022,,,,,,,,,,,,,,,,,,,,,,,,,,,,,,,,,,,,,,,1297,North Texas Pollen Station,Flower Mound,TX,75022,US
6/20/2021,,,,,,,,,,,,,,,,,,13,,,,,,,,,,,,,,,,,,,,,1772,North Texas Pollen Station,Flower Mound,TX,75022,US
3/10/2023,,,,,,1,,,,13,,,50,,,,58,6,,,,130,,,,,6,,,130,,373,,,,,,,2695,North Texas Pollen Station,Flower Mound,TX,75022,US
4/27/2022,,,,,,,,,9,13,,,2,2,,,22,4,,,,19,,,,,9,,9,,,69,4,,,,,,1729,North Texas Pollen Station,Flower Mound,TX,75022,US
5/5/2022,,,,,,,,,30,89,,,,2,,,,26,2,,,,,,,,9,,,,,15,9,,,,,,3548,North Texas Pollen Station,Flower Mound,TX,75022,US
8/17/2022,,,,,,,,,,,2,,,2,,,,,,,,,,,,,,,,,,,,,,,,,2485,North Texas Pollen Station,Flower Mound,TX,75022,US
8/20/2023,,,40,,,,,,,,4,,,,,,,,,,,,,,,,,,,,,,,,,,,,1729,North Texas Pollen Station,Flower Mound,TX,75022,US
7/31/2023,,,,,,,,,,,6,,,,,,,,,,,,,,,,,,,,,,,,,,,,1668,North Texas Pollen Station,Flower Mound,TX,75022,US
10/25/2022,,,17,,,,,,,,4,,9,,,,,4,,,,,,,,,,,,,,,,,,2,,,1686,North Texas Pollen Station,Flower Mound,TX,75022,US
9/3/2022,,,,,,,,,,,2,,,,,,,,,,,,,,,,,,,,,,,,,4,,,3263,North Texas Pollen Station,Flower Mound,TX,75022,US
10/7/2022,,,115,,,,,,,,4,,,,,,,13,,,,,,,,,,,,,,,,,,190,,,2265,North Texas Pollen Station,Flower Mound,TX,75022,US
7/28/2021,,,,,,,,,,,,,,,,,,13,,,,,,,,,,,,,,,,,,,,,1511,North Texas Pollen Station,Flower Mound,TX,75022,US
10/23/2022,,,58,,,,,,,,,,,,,,,9,,,,,,,,,,,,,,,,,,15,,,2075,North Texas Pollen Station,Flower Mound,TX,75022,US
2/9/2023,,,,,,,,,,,,,15,,,,,,,,,,,,,,,,,,,,,,,28,,,1299,North Texas Pollen Station,Flower Mound,TX,75022,US
10/26/2023,,,10,,,,,,,,,,,,,,,,,,,,,,,,,,,,,,,,,4,,,1297,North Texas Pollen Station,Flower Mound,TX,75022,US
5/8/2022,,,,,,,,,32,58,,,,4,,,,45,,,,,,,,,4,,,,,6,2,,,,,,4279,North Texas Pollen Station,Flower Mound,TX,75022,US
8/9/2023,,,4,,,,,,,,1,,,,,,,,,,,,,,,,3,,,,,,,,,,,,1753,North Texas Pollen Station,Flower Mound,TX,75022,US
1/29/2022,,,,,,,,,,,,,28,,,,,,,,,,,,,,,,,,,,,,,2,,,1534,North Texas Pollen Station,Flower Mound,TX,75022,US
3/22/2023,91,,,,,,,,,28,,,,,,,43,17,,,2,30,,,,,5,,50,4,,770,,,,4,,,2118,North Texas Pollen Station,Flower Mound,TX,75022,US
6/13/2022,,,,,,,,,,,,,,,,,,13,,,,,,,,,2,,,,,,,,,,,,2550,North Texas Pollen Station,Flower Mound,TX,75022,US
11/2/2022,,,4,,,,,,,,,,,,,,,4,,,,,,,,,,,,,,,,,,,,,2124,North Texas Pollen Station,Flower Mound,TX,75022,US
3/30/2023,11,,,,,,,,,11,,,,,,,118,2044,2,,,21,,,,,17,117,,,,1675,,37,,,,,,North Texas Pollen Station,Flower Mound,TX,75022,US
3/29/2021,15,,,,,,11,,,281,,,11,,,,151,13,,,6,281,,13,,,43,,26,6,,1431,,11,,,,,2280,North Texas Pollen Station,Flower Mound,TX,75022,US
10/13/2021,,,231,,,,,,,,,,2,,,,,6,,,,,,,,,,,,,,,,,,11,,,3889,North Texas Pollen Station,Flower Mound,TX,75022,US
11/9/2022,,,2,,,,,,,,,,,,,,,6,,,,,,,,,,,,,,,,,,2,,,2034,North Texas Pollen Station,Flower Mound,TX,75022,US
5/21/2023,,,,,,2,,,,,,,,,,,,102,,,,,,,,,,,,,,,11,,,,,,2781,North Texas Pollen Station,Flower Mound,TX,75022,US
12/19/2023,,,,,,,,,,,,,,,,,,,,,,,,,,,,,,,,,,,,,,,2593,North Texas Pollen Station,Flower Mound,TX,75022,US
11/27/2023,,,,,,,,,,,,,,,,,,,,,,,,,,,,,,,,,,,,,,,1297,North Texas Pollen Station,Flower Mound,TX,75022,US
4/6/2021,6,,,,,,,,,30,,,9,,,,102,6,,,2,63,,,,,11,,15,,,5148,6,9,,,,,2042,North Texas Pollen Station,Flower Mound,TX,75022,US
2/25/2021,,,2,,,,,,,,,,378,,,,,,,,,,,,,,,,,,,,,,,9,,,2280,North Texas Pollen Station,Flower Mound,TX,75022,US
7/30/2022,,,,,,,,,,,2,,,,,,,,,,,,,,,,,,,,,,,,,,,,1943,North Texas Pollen Station,Flower Mound,TX,75022,US
12/29/2021,,,,,,,,,,,,,748,,,,,,,,,,,,,,,,,,,,,,,,,,1774,North Texas Pollen Station,Flower Mound,TX,75022,US
1/19/2021,,,,,,,,,,,,,456,,,,,,,,,,,,,,,,,,,,,,,2,,,1292,North Texas Pollen Station,Flower Mound,TX,75022,US
5/25/2023,,,,,,,,,1,,,,,,,,,40,,,,,,,,,2,,,,,,,,,,,,2719,North Texas Pollen Station,Flower Mound,TX,75022,US
3/18/2021,,,,,,,,,,24,,,52,,,,,2,,,,4,,,,,6,,,2,,35,,,,2,,,1122,North Texas Pollen Station,Flower Mound,TX,75022,US
7/14/2023,,,,,,,,,,,2,,,,,,,2,,,,,,,,,3,,,,,,,,,,,,2157,North Texas Pollen Station,Flower Mound,TX,75022,US
2/14/2022,,,,,,,,,,,,,279,,,,,,,,,,,,,,2,,,,,,,,,11,,,1465,North Texas Pollen Station,Flower Mound,TX,75022,US
5/19/2022,,,,,,,,,,,,,,,,,,9,,,,,,,,,,,,,,,2,,,,,,1902,North Texas Pollen Station,Flower Mound,TX,75022,US
4/1/2022,,,,,,,,,,28,,,13,,,,84,6,,,4,43,,,,,6,,4,2,,1052,,,,2,,,3149,North Texas Pollen Station,Flower Mound,TX,75022,US
12/4/2023,,,,,1,,,,,,,,26,,,,,,,,,,,,,,,,,,,,,,,,,,1904,North Texas Pollen Station,Flower Mound,TX,75022,US
7/9/2021,,,,,,,,,,,,,,,,,,6,,,,,,,,,,,,,,,,,,,,,1956,North Texas Pollen Station,Flower Mound,TX,75022,US
11/12/2022,,,4,,,,,,,,,,2,,,,,,,,,,,,,,,,,,,,,,,2,,,2178,North Texas Pollen Station,Flower Mound,TX,75022,US
9/2/2022,,,,,,,,,,,,,,,,,,,,,,,,,,,,,,,,,,,,15,,,2982,North Texas Pollen Station,Flower Mound,TX,75022,US
12/18/2021,,,,,,,,,,,,,223,,,,,,,,,,,,,,,,,,,,,,,,,,2377,North Texas Pollen Station,Flower Mound,TX,75022,US
8/31/2022,,,,,,,,,,,,,,,,,,,,,,,,,,,,,,,,,,,,30,,,3025,North Texas Pollen Station,Flower Mound,TX,75022,US
12/15/2022,,,,,1465,,,,,,,,,,,,,,,,,,,,,,,,,,,,,,,,,,,North Texas Pollen Station,Flower Mound,TX,75022,US
4/2/2021,4,,,,,,11,,,67,,,30,,,,93,4,2,,2,76,,,,,28,,17,2,,2124,,4,,2,,,2064,North Texas Pollen Station,Flower Mound,TX,75022,US
7/24/2023,,,,,,,,,,,,,,,,,,,,,,,,,,,,,,,,,,,,,,,2137,North Texas Pollen Station,Flower Mound,TX,75022,US
12/21/2022,,,,,,,,,,,,,2,,,,,,,,,,,,,,,,,,,,,,,,,,1387,North Texas Pollen Station,Flower Mound,TX,75022,US
5/28/2021,,,,,,,,,2,,,,,,,,,39,,,,,,,,,,,,,,,,,,,,,2626,North Texas Pollen Station,Flower Mound,TX,75022,US
11/15/2021,,,,,,,,,,,2,,56,,,,,,,,,,,,,,,,,,,,,,,,,,2079,North Texas Pollen Station,Flower Mound,TX,75022,US
10/4/2022,,,54,,,,,,,,,,,,,,,11,,,,,,,,,,,,,,,,,,58,,,1967,North Texas Pollen Station,Flower Mound,TX,75022,US
4/15/2022,32,,,,,,,,6,56,,,15,2,,,102,15,2,,,54,,,,,102,,28,,,2582,,58,,,,,2550,North Texas Pollen Station,Flower Mound,TX,75022,US
2/8/2023,,,,,,,,,,,,,13,,,,,,,,,,,,,,,,,,,,,,,,,,1297,North Texas Pollen Station,Flower Mound,TX,75022,US
5/6/2021,,,,,,,,,35,,,,,,,,2,50,,,,110,,,,,,,,,,,2,4,,,,,1344,North Texas Pollen Station,Flower Mound,TX,75022,US
6/14/2021,,,,,,,,,,,,,,,,,,11,,,,,,,,,,,,,,,,,,,,,3922,North Texas Pollen Station,Flower Mound,TX,75022,US
5/20/2022,,,,,,,,,2,,,,,,,,,2,,,,,,,,,,,,,,,2,,,,,,1729,North Texas Pollen Station,Flower Mound,TX,75022,US
9/10/2023,,,28,,,,,,,,,,,,,,,,,,,,,,,,,,,,,,,,,2,,,3976,North Texas Pollen Station,Flower Mound,TX,75022,US
3/4/2022,,,,,,,,,,,,,990,,,,,,,,,,,,,,6,,,,,,,,,452,,,2133,North Texas Pollen Station,Flower Mound,TX,75022,US
5/7/2022,,,,,,2,,,30,63,,,6,2,,,,52,,,,,,,,,,,,,,11,,,,,,,4538,North Texas Pollen Station,Flower Mound,TX,75022,US
8/23/2022,,,,,,,,,,,,,,,,,,,,,,,,,,,,,,,,,,,,,,,2193,North Texas Pollen Station,Flower Mound,TX,75022,US
5/14/2023,,,,,2161,,,,,,,,,,,,,15,,,,,,,,,,,,,,,,,,,,,,North Texas Pollen Station,Flower Mound,TX,75022,US
8/31/2023,,,95,,,,,,,,2,,,,,,,,,,,,,,,,,,,,,,,,,,,,4324,North Texas Pollen Station,Flower Mound,TX,75022,US
11/8/2023,,,26,,,,,,,,,,35,,,,,,,,,,,,,,,,,,,,,,,2,,,2377,North Texas Pollen Station,Flower Mound,TX,75022,US
8/1/2023,,,,,,,,,,,,,,,,,,,,,,,,,,,,,,,,,,,,,,,1705,North Texas Pollen Station,Flower Mound,TX,75022,US
4/28/2021,,,,,,,,,13,,,,,,,,4,50,,,,166,,,,,11,,,,,9,4,13,,,,,1740,North Texas Pollen Station,Flower Mound,TX,75022,US
4/10/2023,,,,,,,,,4,,,,3,1,,,16,2,2,,,2,,,,,12,,26,,,98,3,6,,,,,1621,North Texas Pollen Station,Flower Mound,TX,75022,US
9/24/2023,,,92,,,,,,,,2,,,,,,,2,,,,,,,,,,,,,,,,,,510,,,2809,North Texas Pollen Station,Flower Mound,TX,75022,US
1/4/2023,,,,,,,,,,,,,61,,,,,,,,,,,,,,,,,,,,,,,,,,1686,North Texas Pollen Station,Flower Mound,TX,75022,US
6/1/2022,,,,,,,,,,,,,,,,,,2,,,,,,,,,,,,,,,,,,,,,1733,North Texas Pollen Station,Flower Mound,TX,75022,US
2/16/2023,,,,,,,,,,,,,449,,,,,9,,,,,,,,,11,,,,,,,,,175,,,2978,North Texas Pollen Station,Flower Mound,TX,75022,US
7/22/2021,,,,,,,,,,,,,,,,,,,,,,,,,,,,,,,,,,,,,,,4311,North Texas Pollen Station,Flower Mound,TX,75022,US
4/19/2023,,,,,,,66,,4,,,,1,,,,2,10,,,,,,,,,4,,,,,31,11,,,,,,2165,North Texas Pollen Station,Flower Mound,TX,75022,US
9/21/2022,,,117,,,,,,,,,,,,,,,9,,,,,,,,,,,,,,,,,,48,,,2211,North Texas Pollen Station,Flower Mound,TX,75022,US
8/10/2021,,,,,0,,,,,,4,,,,,,,6,,,,,,,,,,,,,,,,,,2,,,2064,North Texas Pollen Station,Flower Mound,TX,75022,US
7/21/2023,,,,,,,,,,,2,,,,,,,,,,,,,,,,,,,,,,,,,,,,2241,North Texas Pollen Station,Flower Mound,TX,75022,US
5/20/2021,,,,,,,,,,,,,,,,,,17,,,,,,,,,,,,,,,,,,,,,1718,North Texas Pollen Station,Flower Mound,TX,75022,US
3/17/2022,,,,,,,,,,,2,,177,,,,9,,,,,,,,,,6,,,,,,,,,106,,,2131,North Texas Pollen Station,Flower Mound,TX,75022,US
8/21/2023,,,2,,,,,,,,4,,,,,,,,,,,,,,,,,,,,,,,,,,,,1653,North Texas Pollen Station,Flower Mound,TX,75022,US
1/26/2022,,,,,,,,,,,,,9,,,,,,,,,,,,,,,,,,,,,,,,,,1405,North Texas Pollen Station,Flower Mound,TX,75022,US
9/5/2021,,,54,,,,,,,,6,,,,,,,4,,,,,,,,,,,,,,,,,,4,,,1640,North Texas Pollen Station,Flower Mound,TX,75022,US
11/29/2023,,,,,,,,,,,,,,,,,,,,,,,,,,,,,,,,,,,,,,,1469,North Texas Pollen Station,Flower Mound,TX,75022,US
2/19/2021,,,,,,,,,,,,,,,,,,,,,,,,,,,,,,,,,,,,,,,771,North Texas Pollen Station,Flower Mound,TX,75022,US
4/9/2021,9,,2,,,,9,,,17,,,15,,,,158,19,,,2,169,,9,,,11,,2,,,2838,9,17,,,,,1627,North Texas Pollen Station,Flower Mound,TX,75022,US
4/17/2021,9,,,,,,,,2,,,,4,,,,26,11,2,,,28,,2,,,4,,,,,264,,4,,,,,2358,North Texas Pollen Station,Flower Mound,TX,75022,US
3/3/2022,,,,,,,,,,,,,877,,,,,,,,,,,,,,,,,,,,,,,197,,,2321,North Texas Pollen Station,Flower Mound,TX,75022,US
4/27/2023,,,,,,,22,,2,,,,,2,,,3,10,,,,,,,,,,,,,,6,12,,,,,,1969,North Texas Pollen Station,Flower Mound,TX,75022,US
5/19/2023,,,,,,,3,,,,,,,,,,,34,,,,,,,,,1,,,,,,,,,,,,2567,North Texas Pollen Station,Flower Mound,TX,75022,US
11/2/2023,,,4,,,,,,,,,,,,,,,,,,,,,,,,,,,,,,,,,,,,1815,North Texas Pollen Station,Flower Mound,TX,75022,US
8/15/2023,,,22,,,38,,,,,,,,,,,,11,,,,,,,,,,,,,,,,,,,,,1532,North Texas Pollen Station,Flower Mound,TX,75022,US
3/16/2021,13,,,,,,,,,35,,,52,,,,35,6,,,,30,,2,,,11,,,253,,203,,2,,,,,1415,North Texas Pollen Station,Flower Mound,TX,75022,US
7/19/2023,,,,,,,,,,,2,,,,,,,,,,,,,,,,4,,,,,,,,,,,,5186,North Texas Pollen Station,Flower Mound,TX,75022,US
7/26/2022,,,,,,,,,,,,,,,,,,,,,,,,,,,,,,,,,,,,,,,979,North Texas Pollen Station,Flower Mound,TX,75022,US
5/29/2023,,,,,,4,,,,,,,,,,,3,4,,,,,,,,,,,,,,,2,,,,,,1729,North Texas Pollen Station,Flower Mound,TX,75022,US
10/20/2023,,,62,,15,,,,,,,,4,,,,,2,,,,,,,,,,,,,,,,,,41,,,2165,North Texas Pollen Station,Flower Mound,TX,75022,US
8/16/2022,,,,,,,,,,,,,,,,,,,,,,,,,,,,,,,,,,,,,,,2809,North Texas Pollen Station,Flower Mound,TX,75022,US
